ID|Nombre|Description-es|Enlace1|Enlace2|term-group3|Alternativa1|Alternativa2|Tipo2|Tipo3|Nombre_period|AAT|term_general|term-group1|Description-en|Description-fr|term-group2|flag
1|Reino|Territorio bajo autoridad de un rey; también término tradicional para referirse a territorios de reinos prehispánicos o regiones formadas en la Conquista, sin existir título de rey.|||Territory|Reyno||||Reyno|300235096||Reino|Territory under the authority of a king; also a traditional term for referring to pre-Hispanic kingdoms or regions formed during the Conquest, without a king's title.|Territoire sous l'autorité d'un roi; aussi terme traditionnel pour se référer aux royaumes préhispaniques ou aux régions formées lors de la Conquête, sans titre de roi.|Reino|tgexists
2|Corregimiento|División administrativa colonial, típicamente 'provincia menor', gobernada por un corregidor.|||Territory|||Institution||Corregimiento|300000774||Corregimiento|Colonial administrative division, typically a 'minor province,' governed by a corregidor.|Division administrative coloniale, typiquement une 'province mineure,' gouvernée par un corregidor.|Provincia|tgexists
3|Alcaldía mayor|Institución administrativa, típicamente definiendo un distrito territorial de una 'provincia menor'.|||Territory|||Institution||Alcaldía mayor|300000774||Alcaldía mayor|Administrative institution, typically defining a territorial district of a 'minor province.'|Institution administrative, typiquement définissant un district territorial d'une 'province mineure.'|Provincia|tgexists
4|Virreinato|Gran división territorial colonial gobernada por un virrey, representante directo del rey.|||Territory|||Institution||Virreynato|300264374||Virreinato|Large colonial territorial division governed by a viceroy, the direct representative of the king.|Grande division territoriale coloniale gouvernée par un vice-roi, représentant direct du roi.|Virreinato|tgexists
5|Gobierno|Unidad administrativa, , típicamente 'provincia mayor',  gobernada por un gobernador.|||Territory|||Institution||Gobierno|300055502||Gobierno|Administrative unit, typically a 'major province,' governed by a governor.|Unité administrative, typiquement une 'province majeure,' gouvernée par un gouverneur.|Provincia|tgexists
6|Audiencia|Distrito que corresponde a una Audiencia, el tribunal superior de justicia en las colonias, también con funciones administrativas.|||Territory|||Institution||Audiencia|300387107||Audiencia|District corresponding to an Audiencia, the superior court of justice in the colonies, also with administrative functions.|District correspondant à une Audiencia, la cour supérieure de justice dans les colonies, avec aussi des fonctions administratives.|Audiencia|tgexists
7|Provincia|División territorial de un virreinato o reino, típicamente con administración propia bajo un gobernador, alcalde mayor o corregidor; también: territorio controlado por grupos indígenas.|||Territory|||||Provincia|300000774||Provincia|Territorial division of a viceroyalty or kingdom, typically with its own administration under a governor, mayor, or corregidor; also: territory controlled by indigenous groups.|Division territoriale d'un vice-royaume ou royaume, typiquement avec une administration propre sous un gouverneur, un maire ou un corregidor; aussi : territoire contrôlé par des groupes indigènes.|Provincia|tgexists
8|País|Término general para referirse a una región, típicamente en un contexto extracolonial, muy similar a la 'provincia de indios'.|||Territory|||Landmark||País|300387130||Territorio|General term for referring to a region, typically in an extracolonial context, very similar to the 'Indian province.'|Terme général pour se référer à une région, typiquement dans un contexte extra-colonial, très similaire à la 'province indienne.'|Territorio|tgexists
9|Jurisdicción|Área bajo la autoridad legal y administrativa de una república, entidad o funcionario, típicamente la jurisdicción de una ciudad o villa.|||Territory|||Institution||Jurisdicción|300000774||Jurisdicción|Area under the legal and administrative authority of a republic, entity, or official, typically the jurisdiction of a city or town.|Zone sous l'autorité légale et administrative d'une république, entité ou fonctionnaire, typiquement la juridiction d'une ville ou d'un village.|Jurisdicción|tgexists
10|Partido|División de un territorio o grupo humano. Suele aplicarse para denominar el distrito inferior a una jurisdicción o provincia, pero puede definirse de forma muy desigual. El partido novohispano es típicamente un grupo de pueblos que tributan juntos o que forman una república. En otros casos son jurisdicciones/provincias 'agregadas' administrativamente a otras ('Chichas y Tarija', compuesto de los partidos de Chicha... y Tarija).|||Territory|||Social||Partido|300000705||Partido|Division of a territory or human group. It is usually applied to denote the district below a jurisdiction or province, but it can be very unevenly defined. The New Spanish partido is typically a group of towns that pay tribute together or form a republic. In other cases, they are jurisdictions/provinces 'administratively aggregated' to others ('Chichas and Tarija,' composed of the partidos of Chicha... and Tarija).|Division d'un territoire ou d'un groupe humain. Il est généralement appliqué pour désigner le district inférieur à une juridiction ou une province, mais il peut être défini de manière très inégale. Le partido de Nouvelle-Espagne est typiquement un groupe de villages qui paient ensemble le tribut ou qui forment une république. Dans d'autres cas, ce sont des juridictions/provinces 'agrégées administrativement' à d'autres ('Chichas et Tarija,' composé des partidos de Chicha... et Tarija).|Partido|tgexists
11|Obispado|Territorio eclesiástico bajo la jurisdicción de un obispo.|||Territory|Diócesis||Institution||Obispado|300000799||Obispado|Ecclesiastical territory under the jurisdiction of a bishop.|Territoire ecclésiastique sous la juridiction d'un évêque.|Obispado|tgexists
12|Arzobispado|Territorio eclesiástico mayor, bajo la autoridad de un arzobispo.|||Territory|||Institution||Arzobispado|300000799|Obispado|Obispado|Major ecclesiastical territory under the authority of an archbishop.|Territoire ecclésiastique majeur, sous l'autorité d'un archevêque.|Obispado|tgexists
13|Cabecera|Típicamente el término se emplea para designar el lugar principal de un 'partido' en Nueva España, a veces es simple sinónimo de 'capital'. En otro contexto, el término se usa para el origen de un río. Muy raramente puede aparecer como sinónimo de cabo o punta de tierra.|||Settlement|Cabeza||Landmark||Cabecera|300008410||Capital|Typically the term is used to designate the main place of a 'partido' in New Spain, sometimes simply synonymous with 'capital.' In another context, the term is used for the source of a river. Very rarely, it can appear as a synonym for a cape or land point.|Typiquement, le terme est utilisé pour désigner le lieu principal d'un 'partido' en Nouvelle-Espagne, parfois simplement synonyme de 'capitale.' Dans un autre contexte, le terme est utilisé pour l'origine d'une rivière. Très rarement, il peut apparaître comme synonyme de cap ou de pointe de terre.|Capital|tgexists
14|Cabecera de partido|Principal localidad de una subdivisión administrativa colonial.|||Settlement|Cabeza de partido||||Cabecera de partido|300387222|Cabecera|Capital|Main locality of a colonial administrative subdivision.|Localité principale d'une subdivision administrative coloniale.|Capital|tgexists
15|Cabecera de gobierno|Sede administrativa principal de una provincia colonial con gobernador.|||Settlement|Cabeza de gobierno||||Cabecera de gobierno|300387223|Cabecera|Capital|Main administrative seat of a colonial province with a governor.|Siège administratif principal d'une province coloniale avec gouverneur.|Capital|tgexists
16|Capitanía|División administrativa colonial en Brasil, gobernada por un Capitán Mayor con funciones militares y civiles.|||Territory|||Institution||Capitanía|300000774||Capitanía|Colonial administrative division in Brazil, governed by a Captain with military and civil functions.|Division administrative coloniale au Brésil, gouvernée par un Capitaine Majeur avec des fonctions militaires et civiles.|Provincia|tgexists
17|Condado|Traducción literal de 'county', la subdivisión de una colonia inglesa o estado americano. En ocasiones, territorio bajo la autoridad de un conde, con funciones administrativas y jurisdiccionales.|||Territory|||Institution||Condado|300000771||Jurisdicción|Literal translation of 'county,' the subdivision of an English colony or American state. Sometimes, territory under the authority of an earl, with administrative and jurisdictional functions.|Traduction littérale de 'county,' la subdivision d'une colonie anglaise ou d'un état américain. Parfois, territoire sous l'autorité d'un comte, avec des fonctions administratives et juridictionnelles.|Jurisdicción|tgexists
18|Colonia|Provincia colonial con derechos de autonomía.|||Territory|||Institution||Colonia|300235115||Colonia|Colonial province with rights of autonomy.|Province coloniale avec des droits d'autonomie.|Provincia|tgexists
19|Parroquia|Parroquia intraurbana; también división eclesiástica y/o civil según contexto. En posesiones de otras potencias coloniales (ingleses, franceses) y Estados Unidos, la unidad territorial atómica.|||Territory|||Institution||Parroquia|300387092||Curato|Intra-urban parish; also ecclesiastical and/or civil division depending on the context. In possessions of other colonial powers (English, French) and the United States, the atomic territorial unit.|Paroisse intra-urbaine; aussi division ecclésiastique et/ou civile selon le contexte. Dans les possessions des autres puissances coloniales (anglais, français) et aux États-Unis, l'unité territoriale atomique.|Partido|tgexists
20|Curato|División eclesiástica dirigida por un cura, encargada de la administración espiritual de una comunidad en la época colonial. A veces no designa el distrito del curato sino el asentamiento principal con la iglesia y casa del cura.|||Territory|||Institution|Settlement|Curato|300000773||Curato|Ecclesiastical division directed by a parish priest, responsible for the spiritual administration of a community during the colonial era. Sometimes it does not designate the district of the curacy but the main settlement with the church and the priest's house.|Division ecclésiastique dirigée par un curé, chargé de l'administration spirituelle d'une communauté à l'époque coloniale. Parfois, il ne désigne pas le district du curé mais l'établissement principal avec l'église et la maison du curé.|Distrito|tgexists
21|Alcaldía|Institución administrativa. Término típicamente empleado en Alcedo  como forma abreviada de 'Alcaldía mayor'.|||Territory|||Institution||Alcaldía|300000774|Alcaldía mayor|Alcaldía mayor|Administrative institution. Term typically used in Alcedo as an abbreviated form of 'Alcaldía mayor.'|Institution administrative. Terme typiquement employé dans Alcedo comme forme abrégée de 'Alcaldía mayor.'|Provincia|tgexists
22|Capital|Ciudad principal de una provincia o virreinato, sede del gobierno colonial.|||Settlement|||||Capital|300008410||Capital|Main city of a province or viceroyalty, seat of the colonial government.|Ville principale d'une province ou d'un vice-royaume, siège du gouvernement colonial.|Capital|tgexists
23|Ciudad|Asentamiento grande con privilegios y funciones administrativas importantes en las colonias.|||Settlement|||||Ciudad|300008389||Ciudad|Large settlement with important administrative privileges and functions in the colonies.|Grand établissement avec des privilèges et des fonctions administratives importantes dans les colonies.|Urbs|tgexists
24|Villa|Asentamiento urbano con ciertos privilegios legales y administrativos, pero menos que una ciudad. Típicamente de tamaño intermedio.|||Settlement|||||Villa|300008375||Villa|Urban settlement with certain legal and administrative privileges, but less than a city. Typically of intermediate size.|Établissement urbain avec certains privilèges légaux et administratifs, mais moins qu'une ville. Typiquement de taille intermédiaire.|Urbs|tgexists
25|Pueblo|Asentamiento sin título de villa o ciudad, con estructura básica administrativa y religiosa.o en sentido etnográfico, sinónimo de 'nación' o 'tribu'.|||Settlement|||Social||Pueblo|300008372||Pueblo|Settlement without the title of villa or city, with basic administrative and religious structure; or in an ethnographic sense, synonymous with 'nation' or 'tribe.'|Établissement sans titre de villa ou de ville, avec structure administrative et religieuse de base; ou dans un sens ethnographique, synonyme de 'nation' ou 'tribu.'|Pueblo|tgexists
26|Pueblo de indios|En senso legal, pueblo con instituciones administrativas indígenas, pero generalmente asentamiento con población indígena; o en sentido etnográfico, sinónimo de 'nación' o 'tribu'.|||Settlement|Pueblo de naturales||Social||Pueblo de indios|300008372|Pueblo|Pueblo|In a legal sense, a village with indigenous administrative institutions, but generally a settlement with an indigenous population; or in an ethnographic sense, synonymous with 'nation' or 'tribe.'|Dans un sens juridique, village avec institutions administratives indigènes, mais généralement un établissement avec une population indigène; ou dans un sens ethnographique, synonyme de 'nation' ou 'tribu.'|Pueblo|tgexists
28|Imperio|Territorio bajo el dominio de un emperador, con autoridad centralizada y diversos pueblos o naciones subordinadas.|||Territory|||Institution||Imperio|300128214||Imperio|Territory under the rule of an emperor, with centralized authority and various subordinate peoples or nations.|Territoire sous la domination d'un empereur, avec autorité centralisée et divers peuples ou nations subordonnées.|Reino|tgexists
29|Aldea|Asentamiento muy pequeño, típicamente rural, con una población reducida. Alcedo casi exclusivamente lo usa para el Brasil.|||Settlement|||||Aldea|300008372||Aldea|Very small settlement, typically rural, with a small population. Alcedo almost exclusively uses it for Brazil.|Très petit établissement, typiquement rural, avec une petite population. Alcedo l'utilise presque exclusivement pour le Brésil.|Pueblo|tgexists
30|Villaje|Pueblo pequeño.|||Settlement|||||Village|300008369||Pueblo|Small village.|Petit village.|Pueblo|tgexists
31|Ranchería|Asentamiento informal, estancional o temporal de indígenas; a veces: Conjunto de viviendas rurales dispersas, dedicadas principalmente a la agricultura o ganadería.|||Settlement|||||Ranchería|300257104||Ranchería|Informal, seasonal, or temporary indigenous settlement; sometimes: Set of dispersed rural homes, mainly dedicated to agriculture or livestock.|Établissement informel, saisonnier ou temporaire d'indigènes; parfois : Ensemble de maisons rurales dispersées, principalement dédiées à l'agriculture ou à l'élevage.|Ranchería|tgexists
32|Barrio|Pueblo pequeño y dependiente de otro en Nueva España; subdivisión de una ciudad o pueblo, con características propias en general.|||Settlement|Pueblo pequeño||||Barrio|300000762||Barrio|Small village dependent on another in New Spain; subdivision of a city or town, generally with its own characteristics.|Petit village dépendant d'un autre en Nouvelle-Espagne; subdivision d'une ville ou d'un village, généralement avec ses propres caractéristiques.|Barrio|tgexists
33|Población|Término empleado para todo tipo de asentamiento, típicamente refiriéndose a su aspecto concreto. Otras veces, el término se usa para referirse al conjunto de población/poblaciones de un distrito. ('La pobliación de la provincia consiste de los siguientes pueblos: ...'|||Settlement|||||Población|300008372||Pueblo|Term used for all types of settlements, typically referring to their concrete aspect. Other times, the term is used to refer to the population(s) of a district. ('The population of the province consists of the following towns: ...')|Terme utilisé pour tous types d'établissements, typiquement en se référant à leur aspect concret. Parfois, le terme est utilisé pour se référer à la population d'un district. ('La population de la province se compose des villages suivants: ...')|Pueblo|tgexists
34|Distrito|Ámbito territorial de cualquier índole y dimensión perteneciente a cualquier entidad. Puede ser el 'distrito del pueblo XY' o el 'distrito de la Audiencia de Quito' - aunque lo más típico es que se use como como sinónimo de 'partido'.|||Territory|||||Distrito|300000705||Distrito|Territorial scope of any kind and dimension belonging to any entity. It can be the 'district of the town XY' or the 'district of the Audiencia of Quito' - although the most typical use is as a synonym for 'partido.'|Champ territorial de tout type et dimension appartenant à toute entité. Il peut s'agir du 'district du village XY' ou du 'district de l'Audiencia de Quito' - bien que l'usage le plus typique soit comme synonyme de 'partido.'|Distrito|tgexists
35|Presidio|Instalación militar fortificada para la protección y control de territorios coloniales, a veces con un asentamiento civil asociado.|||Settlement|||Structure||Presidio|300008455||Presidio|Fortified military installation for the protection and control of colonial territories, sometimes with a civil settlement.|Installation militaire fortifiée pour la protection et le contrôle des territoires coloniaux, quelques fois avec un établissement civile.|Fuerte|tgexists
36|Fuerte|Militar. Construcción militar fortificada.|||Structure|||||Fuerte|300008791||Fuerte|Military. Fortified military construction.|Militaire. Construction militaire fortifiée.|Fuerte|tgexists
37|Fortaleza|Militar. Gran estructura defensiva y fortificada.|||Structure|||||Fortaleza|300006888||Castillo|Military. Large defensive and fortified structure.|Militaire. Grande structure défensive et fortifiée.|Fuerte|tgexists
38|Batería|Militar. Construcción con un conjunto de piezas de artillería.|||Structure|||||Batería|300002501||Batería|Military. Construction with a set of artillery pieces.|Militaire. Construction avec un ensemble de pièces d'artillerie.|Fortification element|tgexists
39|Comarca|Región geográfica delimitada con características comunes.|||Territory|||||Comarca|300000775||Distrito|Geographical region defined with common characteristics.|Région géographique délimitée avec des caractéristiques communes.|Distrito|tgexists
40|Parcialidad|Grupo social y culturalmente cohesionado, división de una nación.|||Social|||||Parcialidad|300049946||Tribu|Social and culturally cohesive group, division of a nation.|Groupe social et culturellement cohésif, division d'une nation.|Nación|tgexists
42|República|Conjunto de instituciones o suma de miembros de una comunidad que se distingue de otras, típicamente a nivel municipal; también forma de gobierno no-monárquico de tales comunidades.|||Territory|||Institution||República|300128207||República|Set of institutions or sum of members of a community that is distinguished from others, typically at the municipal level; also a non-monarchical form of government of such communities.|Ensemble d'institutions ou somme des membres d'une communauté qui se distingue des autres, typiquement au niveau municipal; également une forme de gouvernement non-monarchique de telles communautés.|República|tgexists
43|Nación|Grupo étnico o comunidad, típicamente indígena.|||Social|Nación de indios||||Nación|300403959||Nación|Ethnic group or community, typically indigenous.|Groupe ethnique ou communauté, typiquement indigène.|Nación|tgexists
44|Indio|Persona perteneciente a/percibido como perteneciente a un grupo étnico indígena de América; en plurarl, a veces, pars pro toto de 'nación de indios' (allá viven los indios Apaches).|||Social|||||Indio|300017437||Indio|Person belonging to/perceived as belonging to an indigenous ethnic group in America; in the plural, sometimes pars pro toto of 'Indian nation' (the indios Apaches live there).|Personne appartenant à/perçue comme appartenant à un groupe ethnique indigène en Amérique; au pluriel, parfois pars pro toto de 'nation indienne' (là vivent les indios Apaches).|Indio|tgexists
45|Infiel|Atributivo y nominativo. En combinación con términos como Nación, Indios o Bárbaros, o como nomen propio para 'Indio infiel'.|||Social|||||Infiel|300017437||Salvaje|Attributive and nominative. In combination with terms like Nación, Indios, or Bárbaros, or as a proper name for 'Infidel Indian.'|Attributif et nominatif. En combinaison avec des termes comme  Nación, Indios ou Bárbaros, ou comme nom propre pour 'Indien infidèle.'|Indio|tgexists
46|Caribe|Atributivo y nominativo. Referencia a indígenas insumisos y supuestamente antropófagos.|||Social|||||Caribe|300017437||Salvaje|Attributive and nominative. Reference to rebellious and supposedly cannibalistic indigenous people.|Attributif et nominatif. Référence aux indigènes rebelles et supposément cannibales.|Indio|tgexists
47|Bárbaro|Atributivo y nominativo. En combinación con términos como Nación, Indios o Bárbaros, o como nomen propio para 'Indio bárbaro'.|||Social|||||Bárbaro|300017437||Salvaje|Attributive and nominative. In combination with terms like Nación, Indios, or Bárbaros, or as a proper name for 'Barbaric Indian.'|Attributif et nominatif. En combinaison avec des termes comme  Nación, Indios ou Bárbaros, ou comme nom propre pour 'Indien barbare.'|Indio|tgexists
48|Gentil|Atributivo y nominativo. Término para referirse a 'grupo de indios en estado pre-cristiano', y por lo tanto las más de las veces se aplica en descripciones históricas que refieren al período prehispano o ámbito de la Conquista.|||Social|||||Gentil|300017437||Salvaje|Attributive and nominative. Term to refer to 'group of pre-Christian Indians,' and therefore most often applied in historical descriptions referring to the pre-Hispanic period or the scope of the Conquest.'|Attributif et nominatif. Terme pour désigner un 'groupe d'Indiens pré-chrétiens,' et donc le plus souvent appliqué dans des descriptions historiques se référant à la période préhispanique ou au contexte de la Conquête.|Indio|tgexists
49|Real|Asentamiento cercano a minas, donde se organizaba la extracción de minerales.|||Settlement|Real de minas||||Real de minas|300008464||Real|Settlement near mines, where mineral extraction was organized.|Établissement près des mines, où l'extraction des minéraux était organisée.|Real|tgexists
50|Asiento|Lugar establecido para actividades económicas específicas, como comercio o minería.|||Settlement|||||Asiento|300008464||Asiento|Place established for specific economic activities, such as trade or mining.|Lieu établi pour des activités économiques spécifiques, comme le commerce ou l'exploitation minière.|Pueblo|tgexists
51|Castillo|Militar. Gran edificio de piedra fortificado|||Structure|||||Castillo|300006888||Castillo|Military. Large fortified stone building.|Militaire. Grand bâtiment en pierre fortifiée.|Fuerte|tgexists
52|Isla|Porción de tierra rodeada de agua.|||Landmark|||Territory||Isla|300008791||Isla|Piece of land surrounded by water.|Parcelle de terre entourée d'eau.|Isla|tgexists
53|Valle|Depresión alargada entre montañas.|||Landmark|||Settlement||Valle|300008761||Valle|Elongated depression between mountains.|Dépression allongée entre des montagnes.|Valle|tgexists
54|Vigía|Militar. Pequeña estructura defensiva elevada utilizada para la observación y el avistamiento de posibles amenazas o peligros.|||Structure|||||Vigía|300134522||Vigía|Military. Small elevated defensive structure used for observation and sighting of possible threats or dangers.|Militaire. Petite structure défensive surélevée utilisée pour l'observation et la détection des menaces ou dangers potentiels.|Fuerte|tgexists
55|Guardia|Militar. Pequeña fortificación o atalaya utilizada para la vigilancia y protección de un área específica.|||Structure|||||Guardia|300006910||Vigía|Military. Small fortification or watchtower used for surveillance and protection of a specific area.|Militaire. Petite fortification ou tour de guet utilisée pour la surveillance et la protection d'une zone spécifique.|Fuerte|tgexists
56|Salvaje|Atributivo y nominativo. En combinación con términos como Nación, Indios o Bárbaros, o como nomen propio para 'Indio salvaje'.|||Social|||||Salvage|300017437||Salvaje|Attributive and nominative. In combination with terms like Nación, Indios, or Bárbaros, or as a proper name for 'Savage Indian.'|Attributif et nominatif. En combinaison avec des termes comme  Nación, Indios ou Bárbaros, ou comme nom propre pour 'Indien sauvage.'|Indio|tgexists
57|Establecimiento|Asentamiento fundado para colonizar y desarrollar una región, típicamente fortificado o puesto de comercio.|||Settlement|||||Establecimiento|300008347||Establecimiento|Settlement founded to colonize and develop a region, typically fortified or a trading post.|Établissement fondé pour coloniser et développer une région, typiquement fortifié ou poste de commerce.|Fuerte|tgexists
58|Asiento de minas|Poblado creado en torno a la actividad minera.|||Settlement|||||Asiento de minas|300008464||Real|Village created around mining activity.|Village créé autour de l'activité minière.|Real|tgexists
59|Territorio|Área geográfica definida políticamente. En Alcedo, típicamente uno controlado por indígenas, similar a país o 'provincia de los indios Apaches', etc.|||Territory|||Landmark||Territorio|300182722||Territorio|Politically defined geographical area. In Alcedo, typically one controlled by indigenous people, similar to a country or 'province of the Apache Indians,' etc.|Zone géographique définie politiquement. Dans Alcedo, typiquement contrôlé par des indigènes, similaire à un pays ou 'province des indiens Apaches,' etc.|Territorio|tgexists
61|Arrabal|Suburbio o barrio periférico de una ciudad colonial.|||Settlement|||||Arrabal|300000874||Barrio|Suburb or peripheral neighborhood of a colonial city.|Banlieue ou quartier périphérique d'une ville coloniale.|Barrio|tgexists
62|Tribu|Grupo social y culturalmente cohesionado, típicamente parte de una nación.|||Social|||||Tribu|300403959||Tribu|Social and culturally cohesive group, typically part of a nation.|Groupe social et culturellement cohésif, typiquement partie d'une nation.|Nación|tgexists
63|Atalaya|Militar. Torre elevada para observación y vigilancia.|||Structure|||||Atalaya|300134522||Vigía|Military. Elevated tower for observation and surveillance.|Militaire. Tour surélevée pour l'observation et la surveillance.|Fuerte|tgexists
65|Pueblecito|Variante de 'pueblecillo'.|||Settlement|Pueblo pequeño|Pueblecillo|||Pueblecito|300008369|Pueblo|Pueblo|Variant of 'pueblecillo.'|Variante de 'pueblecillo.'|Pueblo|tgexists
66|Doctrina|Parroquia indígena establecida para la evangelización y administración religiosa de las comunidades nativas durante la colonización.|||Territory|||Settlement|Institution||300000773||Curato|Indigenous parish established for the evangelization and religious administration of native communities during colonization.|Paroisse indigène établie pour l'évangélisation et l'administration religieuse des communautés indigènes pendant la colonisation.|Distrito|tgexists
67|Tenencia|Distrito gobernado por un teniente de un funcionario principal, como un gobernador.|||Territory|||Institution|||300000705||Partido|District governed by a lieutenant of a principal official, such as a governor.|District gouverné par un lieutenant d'un fonctionnaire principal, comme un gouverneur.|Partido|tgexists
68|Abertura|Espacio o paso entre dos puntos.|||Landmark||||||300387217||Paso|Space or passage between two points.|Espace ou passage entre deux points.|Paso|tgexists
69|Abra|Ensenada estrecha.|||Landmark||||||300132316||Ensenada|Narrow inlet.|Anse étroite.|Bahía|tgexists
70|Agujero|Cavidad profunda en el terreno.|||Landmark||||||||Agujero|Deep cavity in the terrain.|Cavité profonde dans le sol.|Agujero|tgexists
71|Alto|Punto elevado en el terreno.|||Landmark||||||300008798||Alto|High point on the terrain.|Point élevé sur le terrain.|Montaña|tgexists
72|Ance|Nombre francés para ensenada pequeña.|||Landmark||||||300008706|Cala|Ensenada|French name for a small inlet.|Nom français pour petite anse.|Bahía|tgexists
73|Ancón|Bahía pequeña o ensenada amplia.|||Landmark||||||300132316||Bahía|Small bay or wide inlet.|Petite baie ou grande anse.|Bahía|tgexists
74|Ancud|Un error de Alcedo. En dos ocasiones habla del 'ancud o archipiélago' de Chiloé.|||Landmark||||||300386853|Archipiélago|Archipiélago|An error by Alcedo. On two occasions he speaks of the 'ancud or archipelago' of Chiloé.|Une erreur d'Alcedo. À deux reprises, il parle de l'ancud ou de l'archipel de Chiloé.|Isla|tgexists
75|Angostura|Paso estrecho entre montañas o agua.|||Landmark||||||300387217||Paso|Narrow passage between mountains or water.|Passage étroit entre montagnes ou eau.|Paso|tgexists
76|Archipiélago|Conjunto de islas cercanas entre sí.|||Landmark||||||300386853||Archipiélago|Set of islands close together.|Ensemble d'îles proches les unes des autres.|Isla|tgexists
77|Arenal|Terreno cubierto de arena.|||Landmark||||||300386870||Arenal|Terrain covered with sand.|Terrain couvert de sable.|Terreno|tgexists
78|Arrecife|Formación rocosa o coralina en el mar.|||Landmark||||||300008808||Arrecife|Rocky or coral formation in the sea.|Formation rocheuse ou corallienne dans la mer.|Acuatic obstacle|tgexists
79|Arroyo|Pequeño cauce natural de agua.|||Landmark||||||300008707||Arroyo|Small natural watercourse.|Petit cours d'eau naturel.|Río|tgexists
81|Bahía|Entrada amplia del mar en la costa.|||Landmark||||||300132316||Bahía|Wide entrance of the sea into the coast.|Grande entrée de mer sur la côte.|Bahía|tgexists
82|Bajo|Aguas poco profundas, típicamente en el mar. Frecuentemente, el término está compuesto, indicando la calidad o el tipo del fondo (arena, peñas, rocas)|||Landmark|||||Baxo|300387038||Arrecife|Shallow waters, typically in the sea. Often, the term is compound, indicating the quality or type of the bottom (sand, rocks, stones).|Eaux peu profondes, typiquement dans la mer. Souvent, le terme est composé, indiquant la qualité ou le type du fond (sable, roches, pierres).|Acuatic obstacle|tgexists
83|Balsa|Cuerpo de agua de limitadas dimensiones.|||Landmark||||||300008679||Estanque|Body of water of limited dimensions.|Étendue d'eau de dimensions limitées.|Lago|tgexists
84|Banco|Elevación submarina de arena o coral.|||Landmark||||||300132348||Banco|Submarine elevation of sand or coral.|Élévation sous-marine de sable ou de corail.|Acuatic obstacle|tgexists
85|Baño|Área de aguas termales o balneario.|||Landmark||||||300312197||Baño|Area of hot springs or resort.|Zone de sources chaudes ou station thermale.|Fuente|tgexists
86|Barra|Depósito de arena en la desembocadura.|||Landmark||||||300132348||Banco|Sand deposit at the mouth.|Dépôt de sable à l'embouchure.|Acuatic obstacle|tgexists
87|Barranca|Despeñadero o acantilado.|||Landmark||||||300008749||Barranca|Precipice or cliff.|Falaise ou escarpement.|Barranca|tgexists
88|Bassin|Depresión o cuenca acuática.|||Landmark||||||300386845||Agujero|Depression or aquatic basin.|Dépression ou bassin aquatique.|Agujero|tgexists
89|Bec|Prominencia o pico montañoso.|||Landmark||||||300008850||Cabo|Prominence or mountain peak.|Prominence ou pic montagneux.|Cabo|tgexists
90|Boca|Apertura en la costa o montaña.|||Landmark||||||300008881||Boca|Opening on the coast or mountain.|Ouverture sur la côte ou la montagne.|Boca|tgexists
91|Bosque|Extensión de terreno con árboles.|||Landmark||||||300132451||Bosque|Extension of land with trees.|Étendue de terrain avec des arbres.|Terreno|tgexists
92|Brazo|Extensión de agua que se ramifica.|||Landmark||||||300132312||Brazo|Extension of water that branches off.|Étendue d'eau se ramifiant.|Río|tgexists
93|Cabo|Extensión de tierra que penetra en el mar.|||Landmark||||||300008850||Cabo|Extension of land that penetrates the sea.|Étendue de terre pénétrant dans la mer.|Cabo|tgexists
94|Cala|Pequeña ensenada de aguas tranquilas.|||Landmark||||||300008706||Ensenada|Small bay of calm waters.|Petite baie aux eaux calmes.|Bahía|tgexists
95|Calera|Sitio donde se produce cal.|||Landmark||||||300000402||Calera|Place where lime is produced.|Site de production de chaux.|Sitio|tgexists
96|Caleta|Ensenada pequeña protegida.|||Landmark||||||300132316||Ensenada|Small protected inlet.|Petite anse protégée.|Bahía|tgexists
97|Cañada|Valle estrecho entre montañas.|||Landmark||||||300008773||Cañada|Narrow valley between mountains.|Vallée étroite entre montagnes.|Valle|tgexists
98|Canal|Paso estrecho de agua natural o artificial.|||Landmark||||||300387217||Canal|Narrow natural or artificial waterway.|Passage étroit d'eau naturelle ou artificielle.|Canal|tgexists
99|Caño|Pequeño curso de agua o canal.|||Landmark||||||300387217||Caño|Small stream or canal.|Petit cours d'eau ou canal.|Río|tgexists
100|Cascada|Caída de agua de cierta altura.|||Landmark||||||300006792||Cascada|Waterfall of a certain height.|Chute d'eau de certaine hauteur.|Acuatic obstacle|tgexists
101|Catarata|Gran caída de agua en el curso fluvial.|||Landmark||||||300008738||Salto|Large waterfall in the river course.|Grande chute d'eau dans le cours d'eau.|Acuatic obstacle|tgexists
102|Cayo|Isla baja y arenosa.|||Landmark||||||300386852||Cayo|Low, sandy island.|Île basse et sablonneuse.|Isla|tgexists
103|Cerca|Línea de delimitación territorial.|||Landmark||||||||Cerca|Line of territorial demarcation.|Ligne de délimitation territoriale.|Seña|tgexists
104|Cerro|Elevación de terreno menor que una montaña.|||Landmark||||||300008777||Cerro|Terrain elevation smaller than a mountain.|Élévation de terrain inférieure à une montagne.|Montaña|tgexists
105|Charcón|Charca grande o estanque.|||Landmark||||||300008679||Estanque|Large pond or pool.|Grand étang ou lac.|Lago|tgexists
107|Ciénega|Terreno pantanoso o húmedo.|||Landmark||||||300008899||Ciénega|Swampy or wet land.|Terrain marécageux ou humide.|Ciénega|tgexists
108|Colina|Elevación suave de terreno.|||Landmark||||||300008780||Cerro|Gentle rise of land.|Légère élévation du terrain.|Montaña|tgexists
109|Confluente|Punto donde se unen dos corrientes.|||Landmark||||||300387046||Confluente|Point where two streams meet.|Point de confluence de deux cours d'eau.|Boca|tgexists
110|Cordillera|Serie de montañas enlazadas.|||Landmark||||||300386831||Cordillera|Series of linked mountains.|Série de montagnes reliées.|Cordillera|tgexists
111|Costa|Zona de contacto entre tierra y mar.|||Landmark||||||300008733||Costa|Zone of contact between land and sea.|Zone de contact entre terre et mer.|Costa|tgexists
112|Cuesta|Terreno inclinado o pendiente.|||Landmark||||||300132356||Cuesta|Inclined or sloping terrain.|Terrain incliné ou en pente.|Montaña|tgexists
113|Cueva|Cavidad subterránea natural.|||Landmark||||||300008746||Cueva|Natural underground cavity.|Cavité souterraine naturelle.|Cueva|tgexists
114|Desaguadero|Conducto para evacuar aguas.|||Landmark||||||300404183||Desaguadero|Channel for evacuating waters.|Conduit pour évacuer les eaux.|Canal|tgexists
115|Desagüe|Conducto para evacuar aguas.|||Landmark||||||300404183||Desaguadero|Channel for evacuating waters.|Conduit pour évacuer les eaux.|Canal|tgexists
116|Desierto|Región árida con poca vegetación o área sin población humana.|||Landmark||||||300008654||Desierto|Arid region with little vegetation.|Région aride avec peu de végétation ou zone non habitée.|Desierto|tgexists
117|Despoblado|Área sin población humana.|||Landmark||||||300008654||Desierto|Area without human population.|Zone non habitée.|Desierto|tgexists
118|Dique|Muro para contener aguas.|||Landmark||||||300170882||Dique|Dike to contain waters.|Mur pour retenir les eaux.|Dique|tgexists
119|Embarcadero|Lugar para embarcar o desembarcar.|||Landmark||||||300120779||Embarcadero|Place for embarking or disembarking.|Lieu d'embarquement ou de débarquement.|Puerto|tgexists
120|Ensenada|Entrada de mar de menor tamaño.|||Landmark||||||300132316||Ensenada|Smaller inlet of the sea.|Petite entrée de mer.|Bahía|tgexists
121|Entrada|Entrada de mar o ensenada.|||Landmark||||||300266571||Bahía|Inlet of the sea or bay.|Entrée de mer ou anse.|Bahía|tgexists
122|Escollo|Roca peligrosa en el mar.|||Landmark||||||300386903||Peñasco|Dangerous rock in the sea.|Rocher dangereux en mer.|Acuatic obstacle|tgexists
123|Estanque|Depósito o balsa de agua retenida.|||Landmark||||||300008679||Estanque|Deposit or pool of retained water.|Dépôt ou retenue d'eau.|Lago|tgexists
124|Estero|Canal de marea o riachuelo.|||Landmark||||||300266571||Estero|Tidal channel or stream.|Canal de marée ou ruisseau.|Boca|tgexists
126|Estrecho|Paso marítimo entre dos tierras.|||Landmark||||||300387217||Canal|Maritime passage between two lands.|Passage maritime entre deux terres.|Canal|tgexists
127|Estrechura|Parte más estrecha de un paso.|||Landmark||||||300387217||Paso|Narrowest part of a passage.|Partie la plus étroite d'un passage.|Paso|tgexists
128|Extremidad|Punto final de un territorio.|||Landmark||||||300386846||Cabo|End point of a territory.|Point final d'un territoire.|Cabo|tgexists
129|Farallón|Peñasco alto y escarpado en el mar.|||Landmark||||||300386852||Peñasco|High and steep cliff in the sea.|Rocher haut et escarpé en mer.|Peñasco|tgexists
130|Fila De Peñas|Sucesión de rocas alineadas.|||Landmark||||||300386852||Arrecife|Succession of aligned rocks.|Succession de rochers alignés.|Acuatic obstacle|tgexists
131|Fourche|Extensión de agua que se ramifica.|||Landmark||||||300132312||Brazo|Extension of water that branches off.|Étendue d'eau se ramifiant.|Río|tgexists
132|Fuente|Manantial natural de agua.|||Landmark||||||300008697||Manantial|Natural spring of water.|Source naturelle d'eau.|Fuente|tgexists
133|Golfo|Gran extensión de mar rodeada.|||Landmark||||||300132315||Golfo|Large expanse of sea surrounded.|Grande étendue d'eau entourée.|Bahía|tgexists
134|Isleta|Pequeña isla.|||Landmark||||||300386852||Isleta|Small island.|Petite île.|Isla|tgexists
135|Islote|Isla muy pequeña y rocosa.|||Landmark||||||300386852||Islote|Very small and rocky island.|Île très petite et rocheuse.|Isla|tgexists
136|Istmo|Franja estrecha de tierra entre dos mares.|||Landmark||||||300008794||Istmo|Narrow strip of land between two seas.|Bande étroite de terre entre deux mers.|Istmo|tgexists
137|Lago|Gran masa de agua rodeada de tierra.|||Landmark||||||300008680||Lago|Large body of water surrounded by land.|Grande masse d'eau entourée de terre.|Lago|tgexists
138|Laguna|Cuerpo de agua de menor tamaño que un lago.|||Landmark||||||300008679||Laguna|Body of water smaller than a lake.|Étendue d'eau plus petite qu'un lac.|Lago|tgexists
139|Laguneta|Laguna pequeña.|||Landmark||||||300008679||Laguna|Small lagoon.|Petite lagune.|Lago|tgexists
140|Lavadero|Lugar donde se lava oro.|||Landmark||||||||Lavadero|Gold-washing site.|Lieu d'extraction de l'or.|Sitio|tgexists
141|Lengua|Extensión de tierra estrecha.|||Landmark|Lengua de tierra|||||300008850||Cabo|Narrow extension of land.|Étendue de terre étroite.|Cabo|tgexists
142|Llano|Terreno plano y sin elevaciones.|||Landmark||||||300008805||Llanura|Flat terrain without elevations.|Terrain plat et sans relief.|Llanura|tgexists
143|Llanura|Extensión amplia de terreno llano.|||Landmark||||||300008805||Llanura|Large expanse of flat terrain.|Grande étendue de terrain plat.|Llanura|tgexists
144|Loma|Colina pequeña y alargada.|||Landmark||||||300008780||Cerro|Small and elongated hill.|Petite colline allongée.|Montaña|tgexists
145|Manantial|Fuente natural de agua.|||Landmark||||||300387029||Manantial|Natural water source.|Source naturelle d'eau.|Fuente|tgexists
146|Mar|Gran masa de agua salada.|||Landmark||||||300008694||Mar|Large mass of saltwater.|Grande étendue d'eau salée.|Mar|tgexists
147|Médano|Duna o colina de arena.|||Landmark||||||300008750||Médano|Dune or sand hill.|Dune ou colline de sable.|Montaña|tgexists
148|Mesa|Elevación plana y extensa.|||Landmark||||||300008811||Alto|Flat and extensive elevation.|Élévation plate et étendue.|Montaña|tgexists
149|Mina|Excavación para extraer minerales.|||Landmark||||||300132656||Mina|Excavation for extracting minerals.|Excavation pour extraire des minéraux.|Industry|tgexists
150|Montaña|Gran elevación natural del terreno.|||Landmark||||||300008795||Montaña|Large natural elevation of the terrain.|Grande élévation naturelle du terrain.|Montaña|tgexists
151|Monte|Gran elevación cubierta de vegetación.|||Landmark||||||300008795||Montaña|Large elevation covered with vegetation.|Grande élévation couverte de végétation.|Montaña|tgexists
152|Montecillo|Monte pequeño.|||Landmark||||||300008795|Monte|Montaña|Small mountain.|Petite montagne.|Montaña|tgexists
153|Montezuelo|Monte pequeño.|||Landmark||||||300008795|Monte|Montaña|Smaller mountain.|Petite montagne.|Montaña|tgexists
154|Morro|Elevación abrupta y rocosa.|||Landmark||||||300008795||Cerro|Abrupt and rocky elevation.|Élévation abrupte et rocheuse.|Montaña|tgexists
155|Murallón|Gran muro natural o artificial.|||Landmark||||||||Arrecife|Large natural or artificial wall.|Grand mur naturel ou artificiel.|Acuatic obstacle|tgexists
156|Ojo de agua|Manantial pequeño.|||Landmark||||||300387029||Manantial|Small natural spring.|Petite source.|Fuente|tgexists
157|Pampa|Llanura extensa de América del Sur.|||Landmark||||||300008879||Llanura|Extensive plain of South America.|Vaste plaine d'Amérique du Sud.|Llanura|tgexists
158|Pantano|Terreno húmedo y fangoso.|||Landmark||||||300008903||Ciénega|Wet and muddy terrain.|Terrain humide et boueux.|Ciénega|tgexists
159|Paraje|Lugar o sitio específico.|||Landmark||||||300000809||Paraje|Specific place or site.|Lieu ou endroit spécifique.|Sitio|tgexists
160|Paramillo|Pequeña elevación en los páramos.|||Landmark||||||300008798||Alto|Small elevation in the páramo.|Petite élévation dans les landes.|Montaña|tgexists
161|Páramo|Terreno elevado y desolado.|||Landmark||||||300386857||Alto|Elevated and desolate terrain.|Terrain élevé et désolé.|Montaña|tgexists
162|Pasaje|Paso o estrecho de agua.|||Landmark||||||300387217||Paso|Passage or narrow waterway.|Passage ou détroit d'eau.|Paso|tgexists
163|Paso|Lugar para cruzar un obstáculo.|||Landmark||||||300259572||Paso|Place to cross an obstacle.|Lieu de passage à travers un obstacle.|Paso|tgexists
164|Pedazo|Porción o parte de tierra.|||Landmark||||||300387345||Pedazo|Portion or piece of land.|Partie ou portion de terre.|Pedazo|tgexists
165|Pedregal|Terreno cubierto de piedras.|||Landmark||||||300387014||Pedregal|Terrain covered with stones.|Terrain couvert de pierres.|Terreno|tgexists
166|Peña|Roca grande y elevada.|||Landmark||||||300386852||Peñasco|Large and elevated rock.|Gros rocher solide.|Peñasco|tgexists
167|Peñasco|Roca alta y escarpada.|||Landmark||||||300386852||Peñasco|High and steep rock.|Rocher haut et escarpé.|Peñasco|tgexists
168|Península|Tierra rodeada de agua por tres lados.|||Landmark||||||300008804||Península|Land surrounded by water on three sides.|Terre entourée d'eau sur trois côtés.|Península|tgexists
169|Picacho|Cumbre puntiaguda de una montaña.|||Landmark||||||300008798||Pico|Pointed summit of a mountain.|Sommet pointu d'une montagne.|Montaña|tgexists
170|Pico|Cumbre aguda y alta.|||Landmark||||||300008798||Pico|Sharp and high peak.|Sommet aigu et haut.|Montaña|tgexists
171|Piedra|Roca.|||Landmark||||||300404733||Roca|Stone.|Pierre.|Montaña|tgexists
172|Placer|Banco de arena en el mar.|||Landmark||||||300132348||Banco|Sandbank in the sea.|Banc de sable en mer.|Acuatic obstacle|tgexists
173|Playa|Extensión de arena junto al mar.|||Landmark||||||300008816||Playa|Extension of sand next to the sea.|Étendue de sable le long de la mer.|Playa|tgexists
174|Playón|Playa extensa.|||Landmark||||||300008816||Playa|Extensive beach.|Grande plage.|Playa|tgexists
175|Pongo|Angostura fluvial en la selva amazónica.|||Landmark||||||300008767||Raudal|River narrows in the Amazon rainforest.|Goulet fluvial dans la forêt amazonienne.|Obstáculo riverino|tgexists
176|Prado|Terreno de pasto.|||Landmark||||||300008635||Prado|Grassy terrain.|Terrain herbeux.|Terreno|tgexists
177|Promontorio|Elevación alta junto al mar.|||Landmark||||||300387499||Promontorio|High elevation by the sea.|Élévation élevée près de la mer.|Cabo|tgexists
178|Puertecillo|Puerto pequeño.|||Landmark||||||300008678|Puerto|Puerto|Small port.|Petit port.|Puerto|tgexists
179|Puerto|Lugar protegido para embarcaciones.|||Landmark||||||300008678||Puerto|Protected place for boats.|Lieu protégé pour les embarcations.|Puerto|tgexists
180|Puna|Altiplano andino.|||Landmark||||||300386857||Alto|Andean plateau.|Plateau andin.|Montaña|tgexists
181|Punta|Extremo agudo de tierra en el mar.|||Landmark||||||300386846||Cabo|Sharp end of land in the sea.|Extrémité aiguë de terre en mer.|Cabo|tgexists
182|Quebrada|Valle estrecho y profundo.|||Landmark||||||300008773||Quebrada|Narrow and deep valley.|Vallée étroite et profonde.|Valle|tgexists
183|Rada|Bahía natural protegida.|||Landmark||||||300008678||Bahía|Natural protected bay.|Baie naturelle protégée.|Bahía|tgexists
184|Raudal|Corriente de agua rápida.|||Landmark||||||300008736||Raudal|Fast-flowing stream.|Courant d'eau rapide.|Acuatic obstacle|tgexists
185|Rebalso|Estanque natural.|||Landmark||||||300008692||Estanque|Natural pool.|Étang naturel.|Lago|tgexists
186|Remolino|Movimiento circular del agua.|||Landmark||||||300387030||Remolino|Circular movement of water.|Mouvement circulaire de l'eau.|Remolino|tgexists
187|Riachuelo|Pequeño río o arroyo.|||Landmark||||||300008707||Arroyo|Small river or stream.|Petit ruisseau ou cours d'eau.|Río|tgexists
188|Río|Corriente natural de agua continua.|||Landmark||||||300008707||Río|Continuous natural stream of water.|Cours d'eau naturel continu.|Río|tgexists
189|Roca|Piedra grande y sólida.|||Landmark||||||300404733||Roca|Large and solid rock.|Gros rocher solide.|Montaña|tgexists
190|Sabana|Llanura extensa con vegetación.|||Landmark||||||300008881||Llanura|Extensive plain with vegetation.|Vaste plaine avec végétation.|Llanura|tgexists
191|Saco|Ensenada pequeña y protegida.|||Landmark||||||300132316||Ensenada|Small and protected inlet.|Petite anse protégée.|Bahía|tgexists
192|Salida|Apertura en la costa o montaña.|||Landmark||||||300008881|Boca|Boca|Opening on the coast or mountain.|Point d'évacuation.|Boca|tgexists
193|Salina|Terreno donde se extrae sal.|||Landmark||||||300045537||Salina|Terrain where salt is extracted.|Terrain où le sel est extrait.|Sitio|tgexists
194|Salto|Caída abrupta de agua.|||Landmark||||||300008736||Salto|Abrupt waterfall.|Chute d'eau abrupte.|Acuatic obstacle|tgexists
195|Selva|Bosque denso tropical.|||Landmark||||||300008869||Bosque|Dense tropical forest.|Forêt dense tropicale.|Terreno|tgexists
196|Seña|Marca o señal geográfica.|||Landmark||||||300006962||Seña|Geographic mark or sign.|Marque ou signal géographique.|Seña|tgexists
197|Seno|Gran bahía o ensenada.|||Landmark||||||300132315||Bahía|Large bay or inlet.|Grande baie ou anse.|Bahía|tgexists
198|Serranía|Conjunto de sierras o montañas.|||Landmark||||||300386831||Cordillera|Set of mountain ranges or mountains.|Chaîne de montagnes ou ensemble de montagnes.|Cordillera|tgexists
199|Sierra|Cordillera de montañas.|||Landmark||||||300386831||Cordillera|Mountain range.|Cordillère de montagnes.|Cordillera|tgexists
200|Sitio|Lugar o localización específica.|||Landmark||||||300008372||Sitio|Specific place or location.|Lieu ou emplacement spécifique.|Sitio|tgexists
202|Terma|Fuente de aguas termales.|||Landmark||||||||Baño|Source of hot springs.|Source d'eaux thermales.|Fuente|tgexists
203|Terreno|Porción de tierra específica.|||Landmark||||||300135982||Terreno|Specific piece of land.|Portion de terre spécifique.|Terreno|tgexists
204|Tierra|Superficie del planeta no cubierta por agua.|||Landmark||||||300135982||Terreno|Surface of the planet not covered by water.|Surface du globe non couverte par l'eau.|Terreno|tgexists
205|Torrente|Corriente de agua rápida.|||Landmark||||||300008707||Raudal|Fast-flowing stream.|Courant d'eau rapide.|Acuatic obstacle|tgexists
206|Trou|Hueco o cavidad.|||Landmark|||||||Agujero|Agujero|Hollow or cavity.|Creux ou cavité.|Agujero|tgexists
207|Vado|Lugar donde un río se puede cruzar.|||Landmark||||||300387042||Vado|Place where a river can be crossed.|Endroit où une rivière peut être traversée.|Paso|tgexists
208|Vega|Llanura fértil junto a un río.|||Landmark||||||300008876||Vega|Fertile plain next to a river.|Plaine fertile le long d'une rivière.|Llanura|tgexists
209|Volcán|Montaña con cráter de lava.|||Landmark||||||300132325||Volcán|Mountain with a lava crater.|Montagne avec cratère de lave.|Montaña|tgexists
210|Americano|Persona con nacionalidad estadounidense o generalmente persona americana y no europea.|||Social||||||||Grupo|Person with American nationality or generally an American and not European.|Personne avec la nationalité américaine ou généralement une personne américaine et non européenne.|Social Group|
211|Antropófago|Atributivo y nominativo. Referencia a indígenas insumisos y supuestamente antropófagos.|||Social||||||300017437||Salvaje|Attributive and nominative. Reference to rebellious and supposedly cannibalistic indigenous people.|Attributif et nominatif. Référence aux indigènes rebelles et supposément cannibales.|Indio|tgexists
212|Ayllu|Alcedo explícitamente dice que usa el término como sinónimo de 'tribu'.|||Social||||||300049946||Tribu|Alcedo explicitly says he uses the term as a synonym for 'tribe.'|Alcedo dit explicitement qu'il utilise le terme comme synonyme de 'tribu.'|Nación|tgexists
213|Belicoso|Atributivo. Aparece solo en combinación con términos como Nación, Indios o Bárbaros.|||Social||||||300017437||Salvaje|Attributive. Appears only in combination with terms like Nation, Indians, or Barbarians.|Attributif. Apparaît uniquement en combinaison avec des termes comme Nation, Indiens ou Barbares.|Indio|tgexists
214|Blanco|En el sistema de castas, individuo de ascendencia europea sin mezcla racial.|||Social||||||300055480||Casta|In the caste system, an individual of European descent without racial mixing.|Dans le système de castes, individu de descendance européenne sans mélange racial.|Social Category|tgexists
215|Bozal|Persona recién llegada a América, especialmente de África, que aún no habla el idioma local ni está adaptada a las costumbres.|||Social||||||||Grupo|Person newly arrived in America, especially from Africa, who does not yet speak the local language nor is adapted to the customs.|Personne nouvellement arrivée en Amérique, en particulier d'Afrique, qui ne parle pas encore la langue locale et n'est pas adaptée aux coutumes.|Social Group|y
216|Cacique|Líder político y social de una comunidad indígena en América Latina.|||Social||||||||Cacique|Political and social leader of an indigenous community in Latin America.|Chef politique et social d'une communauté indigène en Amérique latine.|Social Category|tgexists
217|Casta|Sistema social de estratificación racial en la América colonial basado en la ascendencia y el color de piel.|||Social||||||300387171||Casta|Social system of racial stratification in colonial America based on ancestry and skin color.|Système social de stratification raciale dans l'Amérique coloniale basé sur l'ascendance et la couleur de la peau.|Social Category|tgexists
218|Chapetón|Español recién llegado a América.|||Social||||||||Chapetón|Newly arrived Spaniard in America.|Espagnol nouvellement arrivé en Amérique.|Social Category|tgexists
219|Chino|Categoría castiza de ascendencia mixta, especialmente africana e indígena.|||Social||||||300055480||Casta|Caste category of mixed ancestry, especially African and indigenous.|Catégorie de caste de descendance mixte, en particulier africaine et indigène.|Social Category|tgexists
220|Cholo|Categoría castiza de ascendencia mixta, especialmente europea e indígena.|||Social||||||300055480||Casta|Caste category of mixed ancestry, especially European and indigenous.|Catégorie de caste de descendance mixte, en particulier européenne et indigène.|Social Category|tgexists
221|Christiano|Término típicamente utilizado para referirse a los europeos, principalmente españoles.|||Social||||||||Europeo|Term typically used to refer to Europeans, mainly Spaniards.|Terme typiquement utilisé pour désigner les Européens, principalement les Espagnols.|Social Group|tgexists
222|Cimarrón|Esclavo fugitivo que vivía en comunidades independientes en zonas rurales.|||Social||||||||Cimarrón|Fugitive slave living in independent communities in rural areas.|Esclave fugitif vivant dans des communautés indépendantes dans les zones rurales.|Social Category|tgexists
223|Ciudadano|Persona con derechos y deberes en una comunidad o nación.|||Social||||||300386295||Vecino|Person with rights and duties in a community or nation.|Personne avec des droits et des devoirs dans une communauté ou une nation.|Social Group|tgexists
224|Colono|Sínonimo de vecino, en contexto de colonias extranjeras.|||Social||||||300236421||Vecino|Synonym of neighbor, in the context of foreign colonies.|Synonyme de voisin, dans le contexte des colonies étrangères.|Social Group|tgexists
225|Criollo|Persona nacida en América; en el sistema castizo: persona de ascendencia europea.|||Social||||||300055480||Casta|Person born in America; in the caste system: person of European descent.|Personne née en Amérique; dans le système de castes: personne de descendance européenne.|Social Category|tgexists
226|Cruel|Atributivo. Aparece solo en combinación con términos como Nación, Indios o Bárbaros.|||Social||||||300017437||Salvaje|Attributive. Appears only in combination with terms like Nation, Indians, or Barbarians.|Attributif. Apparaît uniquement en combinaison avec des termes comme Nation, Indiens ou Barbares.|Indio|tgexists
227|Esclavo|Persona privada de libertad y derechos, considerada propiedad de otra persona.|||Social||||||300230899||Casta|Person deprived of freedom and rights, considered the property of another person.|Personne privée de liberté et de droits, considérée comme la propriété d'une autre personne.|Social Category|tgexists
228|Español|Persona con nacionalidad española; también frecuentemente término que agrupa criollos y peninsulares.|||Social||||||||Grupo|Person of  Spanish nationality. Also frequently grouping of Creole and Peninsular Spanish component of society.|Personne avec la nationalité espagnole. Peut aussi désigner l'élément hispanique - créole et européenne - de la societé coloniale.|Social Group|
229|Europeo|Persona originaria de Europa.|||Social||||||||Grupo|Person originating from Europe.|Personne originaire d'Europe.|Social Group|
230|Feroz|Atributivo. Aparece solo en combinación con términos como Nación, Indios o Bárbaros.|||Social||||||300017437||Salvaje|Attributive. Appears only in combination with terms like Nation, Indians, or Barbarians.|Attributif. Apparaît uniquement en combinaison avec des termes comme Nation, Indiens ou Barbares.|Indio|tgexists
231|Forastero|Persona no originaria del lugar donde reside, típicamente un indígena.|||Social||||||300017437||Indio|Person not native to the place where they reside, typically an indigenous person.|Personne non originaire de l'endroit où elle réside, typiquement un indigène.|Indio|tgexists
232|Francés|Persona con nacionalidad francesa.|||Social||||||||Grupo|Person of  French nationality.|Personne de nationalité française.|Social Group|
233|Freeholder|Propietario de tierras libre de cargas feudales en algunas colonias inglesas.|||Social||||||||Vecino|Landowner free from feudal charges in some English colonies.|Propriétaire terrien libre de charges féodales dans certaines colonies anglaises.|Social Group|tgexists
234|Gachupín|Término despectivo usado en América para referirse a los españoles peninsulares.|||Social||||||||Gachupín|Derogatory term used in America to refer to Spaniards from the Iberian Peninsula.|Terme péjoratif utilisé en Amérique pour désigner les Espagnols péninsulaires.|Social Category|tgexists
235|Gente De Color|Término genérico para referirse a personas de ascendencia africana o mestiza.|||Social||||||300055480||Casta|Generic term for referring to people of African or mixed ancestry.|Terme générique pour désigner les personnes de descendance africaine ou métisse.|Social Category|tgexists
236|Gigante|Atributivo y nominativo. en combinación con términos como Nación, Indios o Bárbaros, o como nomen propio para 'Indio gigante'.|||Social||||||300017437||Salvaje|Attributive and nominative. in combination with terms like Nación, Indios, or Bárbaros, or as a proper name for 'Giant Indian.'|Attributif et nominatif. En combinaison avec des termes comme Nación, Indios ou Bárbaros, ou comme nom propre pour 'Indien géant.'|Indio|tgexists
237|Ladino|Indígena que ha adoptado la cultura y costumbres europeas.|||Social||||||300017437||Indio|Indigenous person who has adopted European culture and customs.|Indigène ayant adopté la culture et les coutumes européennes.|Indio|tgexists
238|Libre|Categoría castiza ecléctica para 'negros' y personas de castas afromestizas no esclavizadas.|||Social||||||300055480||Casta|Eclectic caste category for 'negros' and non-enslaved Afro-mestizo people.|Catégorie de caste éclectique pour les 'negros' et les personnes afrométisses non esclaves.|Social Category|tgexists
239|Mestizo|Categoría castiza de ascendencia mixta, especialmente europea e indígena.|||Social||||||300055480||Casta|Caste category of mixed ancestry, especially European and indigenous.|Catégorie de caste de descendance mixte, en particulier européenne et indigène.|Social Category|tgexists
240|Mitayo|Trabajador indígena sujeto a la mita, sistema de trabajo forzado en la América colonial.|||Social||||||||Mitayo|Indigenous laborer subject to the mita, a system of forced labor in colonial America.|Travailleur indigène soumis à la mita, système de travail forcé dans l'Amérique coloniale.|Social Category|tgexists
241|Mulato|Categoría castiza de aspectos africano e hispano.|||Social||||||300055480||Casta|Caste category of African and Hispanic aspects.|Catégorie de caste d'aspects africains et hispaniques.|Social Category|tgexists
242|Natural|Indígena miembro de una comunidad arraigada en su territorio.|||Social||||||300017437||Indio|Indigenous member of a community rooted in its territory.|Membre indigène d'une communauté enracinée dans son territoire.|Indio|tgexists
244|Negro|Persona de ascendencia africana.|||Social||||||300435249||Casta|Person of African descent.|Personne de descendance africaine.|Social Category|tgexists
245|Pardo|Categoría castiza de ascendencia mixta, especialmente africana e indígena.|||Social||||||300055480||Casta|Caste category of mixed ancestry, especially African and indigenous.|Catégorie de caste de descendance mixte, en particulier africaine et indigène.|Social Category|tgexists
246|Perulero|Persona vuelta a España desde el Perú con caudales significantes.|||Social||||||||Perulero|Person returned to Spain from Peru with significant wealth.|Personne retournée en Espagne depuis le Pérou avec des richesses significatives.|Social Category|tgexists
247|Puchuela|Término despectivo para referirse a personas de origen mestizo.|||Social||||||300055480||Casta|Derogatory term for referring to people of mestizo origin.|Terme péjoratif pour désigner les personnes d'origine métisse.|Social Category|tgexists
250|Quinterón|Categoría castiza de ascendencia mixta, especialmente africana e indígena.|||Social||||||300055480||Casta|Caste category of mixed ancestry, especially African and indigenous.|Catégorie de caste de descendance mixte, en particulier africaine et indigène.|Social Category|tgexists
251|Raza|Término utilizado para describir la ascendencia racial o castizo de una persona.|||Social||||||300403959||Casta|Term used to describe a person's racial or caste ancestry.|Terme utilisé pour décrire l'ascendance raciale ou de caste d'une personne.|Social Category|tgexists
252|Salta Atrás|Categoría castiza de aspectos africano e hispano.|||Social||||||300055480||Casta|Caste category of African and Hispanic aspects.|Catégorie de caste d'aspects africains et hispaniques.|Social Category|tgexists
253|Tente en el Ayre|Categoría castiza de aspectos africano e hispano.|||Social||||||300055480||Casta|Caste category of African and Hispanic aspects.|Catégorie de caste d'aspects africains et hispaniques.|Social Category|tgexists
255|Vecino|Residente legal de una localidad con derechos y responsabilidades.|||Social||||||300386295||Vecino|Legal resident of a locality with rights and responsibilities.|Résident légal d'une localité avec droits et responsabilités.|Social Group|tgexists
256|Zambo|Categoría castiza de ascendencia mixta, especialmente africana e indígena.|||Social||||||300055480||Casta|Caste category of mixed ancestry, especially African and indigenous.|Catégorie de caste de descendance mixte, en particulier africaine et indigène.|Social Category|tgexists
257|Cuartel|Sección de una ciudad, villa o pueblo, similar al barrio, típicamente con propiedades homogéneas.|||Settlement||||||300000762||Barrio|Section of a city, town, or village, similar to a neighborhood, typically with homogeneous properties.|Section d'une ville, d'un village ou d'une localité, similaire à un quartier, généralement avec des propriétés homogènes.|Barrio|tgexists
259|Misión|Asentamiento religioso para evangelizar y educar a los indígenas, típicamente administrado por órdenes religiosas.|||Settlement||||||300008486||Pueblo|Religious settlement for evangelizing and educating the indigenous people, typically administered by religious orders.|Établissement religieux pour évangéliser et éduquer les indigènes, typiquement administré par des ordres religieux.|Pueblo|tgexists
260|Plaza De Armas|Típicamente espacio central en las ciudades coloniales, usado para actos cívicos y militares. En sentido concreto, muchas veces solo como 'Plaza' para referirse a urbes de caracter defensivo.|||Settlement||||||300008455||Presidio|Typically a central space in colonial cities, used for civic and military events. Specifically, often referred to as 'Plaza' in defensive towns.|Typiquement un espace central dans les villes coloniales, utilisé pour des événements civiques et militaires. Concrètement, souvent désigné simplement comme 'Plaza' dans les villes défensives.|Fuerte|tgexists
261|Pueblecillo|Pueblo pequeño.|||Settlement||||||300008369|Pueblo|Pueblo|Small village.|Petit village.|Pueblo|tgexists
263|Reducción|Asentamiento colonial donde se congregaban y evangelizaban indígenas bajo supervisión religiosa y civil.|||Settlement|Reducción de indios|||||300008486||Pueblo|Colonial settlement where indigenous people were gathered and evangelized under religious and civil supervision.|Colonie où les indigènes étaient rassemblés et évangélisés sous supervision religieuse et civile.|Pueblo|tgexists
264|Bastión|Militar. Fortaleza defensiva en una estructura militar.|||Structure||||||300002495||Bastión|Military. Defensive fortress in a military structure.|Militaire. Forteresse défensive dans une structure militaire.|Fortification element|tgexists
265|Cañaveral|Económico. Campo donde se cultiva caña de azúcar.|||Structure||||||300000240||Hacienda|Economic. Field where sugar cane is cultivated.|Économique. Champ où l'on cultive la canne à sucre.|Hacienda|tgexists
266|Capilla|Religión. Pequeña iglesia.|||Structure||||||300004590||Capilla|Religion. Small church.|Religion. Petite église.|Iglesia|tgexists
267|Casa de estudio|Educacional. Institución dedicada a la educación y aprendizaje.|||Structure||||||300312285||Colegio|Educational. Institution dedicated to education and learning.|Éducatif. Institution dédiée à l'éducation et à l'apprentissage.|Colegio|tgexists
268|Catedral|Religión. Iglesia principal de una diócesis.|||Structure||||||300007501||Catedral|Religion. Main church of a diocese.|Religion. Église principale d'une diocèse.|Iglesia|tgexists
269|Centinela|Militar. Sinónimo de atalaya.|||Structure||||||300134522|Atalaya|Vigía|Military. Synonym for watchtower.|Militaire. Synonyme de tour de guet.|Fuerte|tgexists
270|Chacra|Económico. Pequeña explotación agrícola rural.|||Structure||||||300000241||Rancho|Economic. Small rural agricultural exploitation.|Économique. Petite exploitation agricole rurale.|Hacienda|tgexists
271|Ciudadela|Militar. Fortaleza dentro de una ciudad.|||Structure||||||300006902||Castillo|Military. Fortress within a city.|Militaire. Forteresse à l'intérieur d'une ville.|Fuerte|tgexists
272|Colegio|Educacional. Institución educativa, frecuentemente dirigida por órdenes religiosas, dedicada a la formación académica y religiosa|||Structure||||||300000641||Colegio|Educational. Educational institution, often run by religious orders, dedicated to academic and religious formation.|Éducatif. Institution éducative, souvent dirigée par des ordres religieux, dédiée à la formation académique et religieuse.|Colegio|tgexists
273|Convento|Religión. Casa donde viven comunidades religiosas.|||Structure||||||300000635||Convento|Religion. House where religious communities live.|Religion. Maison où vivent des communautés religieuses.|Convento|tgexists
274|Corral|Económico. Recinto para encerrar ganado.|||Structure||||||300004983||Corral|Economic. Enclosure for enclosing livestock.|Économique. Enclos pour le bétail.|Hato|tgexists
275|Ejido|Tierra común destinada al uso de la comunidad.|||Structure||||||300008081||Ejido|Common land destined for the use of the community.|Terre commune destinée à l'usage de la communauté.|Ejido|tgexists
277|Estancia|Económico. Gran propiedad rural destinada a la ganadería.|||Structure||||||300000231||Estancia|Economic. Large rural property destined for livestock farming.|Économique. Grande propriété rurale destinée à l'élevage.|Hacienda|tgexists
278|Estancilla|Económico. Pequeña finca o propiedad rural.|||Structure||||||300000231|Estancia|Estancia|Economic. Small farm or rural property.|Économique. Petite ferme ou propriété rurale.|Hacienda|tgexists
279|Factoría|Económico. Establecimiento comercial.|||Structure||||||300005368||Factoría|Economic. Commercial establishment or trading post.|Économique. Établissement commercial.|Factoría|tgexists
280|Foso|Militar. Un canal defensivo alrededor de una fortificación, usualmente lleno de agua.|||Structure||||||300006888||Foso|Military. A defensive ditch encircling a fortress, often filled with water.|Militaire. Un fossé défensif entourant une fortification, souvent rempli d'eau.|Fortification element|tgexists
281|Fuertecillo|Militar. Pequeña fortaleza o fortificación.|||Structure||||||300006910|Fuerte|Fuerte|Military. Small fortress or fortification.|Militaire. Petite forteresse ou fortification.|Fuerte|tgexists
282|Fuerza|Militar. Sinónimo de castillo.|||Structure||||||300048800||Castillo|Military. Synonym for castle.|Militaire. Synonyme de château.|Fuerte|tgexists
283|Habitación|Alcedo usa este término una soloa vez, para referirse a un palacio incaico.|||Structure||||||300417317|Palacio|Palacio|Alcedo uses this term only once, to refer to an Inca palace.|Alcedo utilise ce terme une seule fois, pour désigner un palais inca.|Palacio|tgexists
284|Hacienda|Económico. Gran propiedad rural con actividades agrícolas y ganaderas.|||Structure||||||300000231||Hacienda|Economic. Large rural property with agricultural and livestock activities.|Économique. Grande propriété rurale avec des activités agricoles et d'élevage.|Hacienda|tgexists
285|Hato|Económico. Unidad productiva dedicada a la cría de ganado.|||Structure||||||300000241||Rancho|Economic. Productive unit dedicated to livestock breeding.|Économique. Unité productive dédiée à l'élevage du bétail.|Hacienda|tgexists
286|Hermita|Religión. Pequeña capilla aislada o en el campo.|||Structure|Ermita||||Hermita|300000640||Capilla|Religion. Small isolated chapel or in the countryside.|Religion. Petite chapelle isolée ou à la campagne.|Iglesia|tgexists
287|Hospedería|Económico. Lugar donde se proporciona alojamiento temporal.|||Structure||||||300007166||Hospedería|Economic. Place providing temporary accommodation.|Économique. Lieu fournissant un hébergement temporaire.|Hospedería|tgexists
288|Hospital|Establecimiento para atender y cuidar a enfermos, administrado frecuentemente por órdenes religiosas.|||Structure||||||300343473||Hospital|Establishment for attending and caring for the sick, often administered by religious orders.|Établissement pour l'attention et les soins aux malades, souvent administré par des ordres religieux.|Hospital|tgexists
289|Iglesia|Religión. Edificio destinado al culto religioso cristiano.|||Structure||||||300007466||Iglesia|Religion. Building intended for Christian religious worship.|Religion. Bâtiment destiné au culte religieux chrétien.|Iglesia|tgexists
290|Ingenio|Económico. Planta o molino para procesar azúcar.|||Structure||||||300006232||Molino|Economic. Plant or mill for processing sugar.|Économique. Usine ou moulin pour le traitement du sucre.|Industry|tgexists
291|Media Luna|Militar. Trinchera o bastión en forma de media luna.|||Structure||||||300002495|Bastión|Bastión|Military. Trench or bastion in the shape of a crescent.|Militaire. Tranchée ou bastion en forme de croissant.|Fortification element|tgexists
292|Mineral|Económico. Lugar donde se extraen minerales.|||Structure|||Landmark|Settlement||300264846||Mineral|Economic. Place where minerals are extracted.|Économique. Lieu d'extraction de minéraux.|Mineral|tgexists
293|Molino|Económico. Máquina para moler granos u otros materiales.|||Structure||||||300264626||Molino|Economic. Machine for grinding grains or other materials.|Économique. Machine pour moudre des grains ou d'autres matériaux.|Industry|tgexists
294|Monasterio|Religión. Residencia de una comunidad de monjes o monjas.|||Structure||||||300000641||Convento|Religion. Residence of a community of monks or nuns.|Religion. Résidence d'une communauté de moines ou de nonnes.|Convento|tgexists
295|Mote|Militar. Foso defensivo lleno de agua alrededor de una fortificación.|||Structure||||||300006888||Foso|Military. Defensive ditch filled with water around a fortification.|Militaire. Fossé défensif rempli d'eau autour d'une fortification.|Fortification element|tgexists
297|Obraje|Económico. Establecimiento donde se trabaja y produce manufacturas.|||Structure|||||Obraje|300264603||Obraje|Economic. Establishment where work and manufactures are produced.|Économique. Établissement où le travail et les manufactures sont produits.|Industry|tgexists
298|Palacio|Residencia grande y lujosa, habitualmente de una persona de alta jerarquía.|||Structure||||||300005734||Palacio|Large and luxurious residence, usually of a person of high rank.|Résidence grande et luxueuse, généralement d'une personne de haut rang.|Palacio|tgexists
299|Palizada|Militar. Cerca de estacas para defensa.|||Structure||||||300006914||Palizada|Military. Fence of stakes for defense.|Militaire. Clôture de pieux pour la défense.|Fortification element|tgexists
300|Plantación|Económico. Gran extensión de tierra cultivada.|||Structure||||||300235115||Hacienda|Economic. Large expanse of cultivated land.|Économique. Grande étendue de terre cultivée.|Hacienda|tgexists
301|Potrero|Económico. Terreno para pasto y cría de ganado.|||Structure||||||300428748|Corral|Corral|Economic. Land for pasture and livestock breeding.|Économique. Terre pour le pâturage et l'élevage du bétail.|Hato|tgexists
302|Puente|Estructura construida para cruzar ríos, cañadas u otros obstáculos.|||Structure||||||300007836||Puente|Structure built to cross rivers, streams, or other obstacles.|Structure construite pour traverser les rivières, les ruisseaux ou autres obstacles.|Puente|tgexists
303|Puesto|Establecimiento pequeño o avanzada militar para control y defensa en áreas fronterizas o estratégicas; a veces un asentamiento menor rural.|||Structure||||||300000809||Puesto|Small establishment or military outpost for control and defense in border or strategic areas; sometimes a minor rural settlement.|Petit établissement ou poste militaire pour le contrôle et la défense dans les zones frontalières ou stratégiques ; parfois un petit établissement rural.|Puesto|tgexists
304|Rancho|Económico. Pequeña propiedad agrícola.|||Structure||||||300008372||Rancho|Economic. Small agricultural property.|Économique. Petite propriété agricole.|Hacienda|tgexists
306|Reducto|Militar. Última línea de defensa fortificada.|||Structure||||||300006913||Bastión|Military. Last line of fortified defense.|Militaire. Dernière ligne de défense fortifiée.|Fortification element|tgexists
307|Santuario|Religión. Lugar sagrado de devoción y peregrinación.|||Structure||||||300004575||Santuario|Religion. Sacred place of devotion and pilgrimage.|Religion. Lieu sacré de dévotion et de pèlerinage.|Iglesia|tgexists
308|Sitio de Labranza|Económico. Terreno dedicado al cultivo de plantas.|||Structure||||||300000231||Hacienda|Economic. Land dedicated to the cultivation of plants.|Économique. Terre dédiée à la culture de plantes.|Hacienda|tgexists
309|Templo|Religioso. Edificio sagrado de diversas religiones.|||Structure||||||300007595||Templo|Religious. Sacred building of various religions.|Religieux. Bâtiment sacré de diverses religions.|Iglesia|tgexists
310|Trapiche|Económico. Molino para extraer jugo de caña de azúcar.|||Structure||||||300264626||Molino|Economic. Mill for extracting sugar cane juice.|Économique. Moulin pour extraire le jus de canne à sucre.|Industry|tgexists
311|Universidad|Educacional. Institución de educación superior.|||Structure||||||300312240||Universidad|Educational. Higher education institution.|Éducatif. Institution d'enseignement supérieur.|Universidad|tgexists
313|Capitanía General|División administrativa y militar gobernada por un Capitán General con autoridad militar y civil.|||Territory|||Institution|||300055502||Capitanía General|Administrative and military division governed by a Captain General with military and civil authority.|Division administrative et militaire gouvernée par un Capitaine Général avec autorité militaire et civile.|Provincia|tgexists
314|Comandancia General|Jurisdicción militar bajo el mando de un Comandante General, responsable de la defensa y administración.|||Territory|||Institution|||300055502||Capitanía General|Military jurisdiction under the command of a Commander General, responsible for defense and administration.|Juridiction militaire sous le commandement d'un Commandant Général, responsable de la défense et de l'administration.|Provincia|tgexists
315|Ducado|Territorio feudal de un duque, con autonomía y privilegios feudales.|||Territory|||Institution|||300235088||Ducado|Feudal territory of a duke, with autonomy and feudal privileges.|Territoire féodal d'un duc, avec autonomie et privilèges féodaux.|Señorío|tgexists
316|Estado|Unidad territorial con estructura política y administrativa propia. En el sentido colonial, el 'Estado del Marquesado del Valle' como mayorazgo complejo.|||Territory|||Institution|||300055596|Mayorazgo|Estado|Territorial unit with its own political and administrative structure. In the colonial sense, the 'State of the Marquisate of the Valley' as a complex entail.|Unité territoriale avec une structure politique et administrative propre. Dans le sens colonial, le 'État du Marquisat de la Vallée' comme majorat complexe.|Señorío|tgexists
317|Frontera|Límite o zona de contacto entre dos territorios, a menudo conflictiva o militarizada.|||Territory|||Institution|||300387507||Frontera|Border or contact zone between two territories, often conflictual or militarized.|Limite ou zone de contact entre deux territoires, souvent conflictuelle ou militarisée.|Territorio|tgexists
318|Marquesado|Territorio de un marqués, con privilegios nobiliarios y jurisdiccionales.|||Territory|||Institution|||300310709||Marquesado|Territory of a marquis, with noble and jurisdictional privileges.|Territoire d'un marquis, avec des privilèges nobles et juridictionnels.|Señorío|tgexists
319|Mayorazgo|Institución que garantiza la herencia de tierras y títulos a un único heredero para mantener el patrimonio familiar.|||Territory|||Institution|||300055596||Mayorazgo|Institution that guarantees the inheritance of lands and titles to a single heir to maintain the family estate.|nstitution qui garantit l'héritage des terres et des titres à un seul héritier afin de maintenir le patrimoine familial.|Señorío|tgexists
320|Presidencia|Sinónimo de Audiencia - que como institución tenía presidente.|||Territory|||Institution|||300387107|Audiencia|Audiencia|Synonym of Audiencia - which as an institution had a president.|Synonyme d'Audiencia - qui en tant qu'institution avait un président.|Audiencia|tgexists
321|Principado|Territorio de un príncipe, con autonomía política y privilegios.|||Territory|||Institution|||300235101||Principado|Territory of a prince, with political autonomy and privileges.|Territoire d'un prince, avec autonomie politique et privilèges.|Señorío|tgexists
322|Señorío|Territorio bajo la jurisdicción de un señor feudal, con derechos sobre sus habitantes y tierras.|||Territory|||Institution|||300310709||Señorío|Territory under the jurisdiction of a feudal lord, with rights over its inhabitants and lands.|Territoire sous la juridiction d'un seigneur féodal, avec des droits sur ses habitants et ses terres.|Señorío|tgexists
326|Cantón|División de un territorio o grupo humano. Como término para colectivos, suele ser un sinónimo de 'tribu'. Alcedo sólo lo aplica para Luisiana, seguramente debido a una fuente francesa que así se refiere a grupos indígenas.|||Social|||Territory|||300049946||Tribu|Division of a territory or human group. As a term for collectives, it is usually a synonym for 'tribe.' Alcedo only applies it to Louisiana, probably due to a French source referring to indigenous groups in this way.|Division d'un territoire ou d'un groupe humain. Comme terme pour les collectifs, c'est généralement un synonyme de 'tribu.' Alcedo ne l'applique qu'à la Louisiane, probablement en raison d'une source française se référant aux groupes indigènes de cette manière.|Nación|tgexists
328|Territory|Término asociado con conceptos territoriales como divisiones administrativas o regiones, pero también propiedades o feudos.|||Meta||||||300387575||Territory|Term associated with territorial concepts such as administrative divisions or regions.|Terme associé aux concepts territoriaux comme les divisions administratives ou les régions.|Geography|tgexists
329|Settlement|Término asociado con asentamientos humanos.|||Meta||||||300008347||Settlement|Term associated with human settlements.|Terme associé aux établissements humains.|Geography|tgexists
330|Social|Término asociado con clases sociales, grupos humanos, títulos, estatus, etc.|||Meta||||||300162096||Social|Term associated with social classes, human groups, titles, status, etc.|Terme associé aux classes sociales, groupes humains, titres, statuts, etc.|Social|tgexists
331|Structure|Término asociado con edificios o unidades de edificios, así como unidades agrarias.|||Meta||||||300264550||Structure|Term associated with buildings or units of buildings, as well as agrarian units.|Terme associé aux bâtiments ou unités de bâtiments, ainsi qu'aux unités agricoles.|Geography|tgexists
332|Institution|Término asociado con instituciones sociales.|||Meta||||||300026004||Social|Term associated with social institutions.|Terme associé aux institutions sociales.|Social|tgexists
333|placename|Término usado en nuestro proyecto para designar toponimias no específicas.|||Meta||||||300404655||Landmark|Term used in our project to designate non-specific toponyms.|Terme utilisé dans notre projet pour désigner des toponymes non spécifiques.|Geography|tgexists
334|Construction|Término asociado con  actividades de construcción o construcciones (excepto edificios)|||Meta||||||300054608||Social|Term associated with construction activities or constructions (except buildings).|Terme associé aux activités de construction ou constructions (sauf les bâtiments).|Social|tgexists
335|Pharmacy|Término asociado con drogas y productos o agentes farmaceuticos.|||Meta||||||300054520||Biology|Term associated with drugs and pharmaceutical products or agents.|Terme associé aux drogues et produits ou agents pharmaceutiques.|Biology|
336|Botany|Término asociado con el reino vegetal, con excepción de los asociados con aplicaciones farmaceuticas.|||Meta||||||300054467||Biology|Term associated with the plant kingdom, except those associated with pharmaceutical applications.|Terme associé au règne végétal, à l'exception de ceux associés aux applications pharmaceutiques.|Biology|
337|Illness|Término asociado con enfermedades.|||Meta||||||300189799||Biology|Term associated with diseases.|Terme associé aux maladies.|Biology|
338|Animal|Término asociado con especies y razas animales.|||Meta||||||300054472||Biology|Term associated with animal species and breeds.|Terme associé aux espèces et races animales.|Biology|
339|Nutriment|Término asociado con comidas y bebidas.|||Meta||||||300254496||Biology|Term associated with food and beverages.|Terme associé aux aliments et boissons.|Biology|
340|Produce|Término asociado con productos de actividad humana, excepto los de categorías más específicas (farmaceutica, industria textil).|||Meta||||||300387427||Produce|Term associated with products of human activity, except those in more specific categories (pharmaceutical, textile industry).|Terme associé aux produits de l'activité humaine, sauf ceux des catégories plus spécifiques (pharmaceutique, industrie textile).|Social|tgexists
341|Textiles|Término asociado con actividades y productos textiles com hilos, fábricas, ropa...|||Meta||||||300231565||Produce|Term associated with textile activities and products such as threads, factories, clothing...|Terme associé aux activités et produits textiles comme les fils, les usines, les vêtements...|Social|tgexists
342|Synonym|Término vernacular sinónimo  de otro general.|||Meta||||||300387329||Synonym|Vernacular term synonymous with another general term.|Terme vernaculaire synonyme d'un autre terme général.|Social|tgexists
343|Measurement|Término asociado con medidas o unidades monetarias.|||Meta||||||300053578||Social|Term associated with measures or monetary units.|Terme associé aux mesures ou unités monétaires.|Social|tg2exists
344|Climate|Término asociado con fenómenos climáticos o el tiempo.|||Meta||||||300055322||Climate|Term associated with climatic phenomena or weather.|Terme associé aux phénomènes climatiques ou au temps.|Geography|tgexists
345|Activity|Término asociado con una actividad social, con excepción de produccciones y construcciones.|||Meta||||||300404112||Social|Term associated with human or social activity, with the exception of productions and constructions.|Terme associé à une activité humaine ou sociale, à l'exception des productions et constructions.|Social|tgexists
346|Mineralogy|Término asociado con mineralogía o metalurgica.|||Meta||||||300054552||Mineralogy|Term associated with mineralogy or metallurgy.|Terme associé à la minéralogie ou métallurgie.|Geography|tgexists
347|Sonda|Una entrada de mar estrecha y profunda.|||Landmark||||||300132316||Ensenada|A narrow and deep inlet of the sea.|Une entrée étroite et profonde de la mer.|Bahía|tgexists
401|Landmark|Elemento de geografía física.|||Meta||||||300008626||Landmark|Element of physical geography.|Élément de géographie physique.|Geography|tgexists
402|Biology|Término asociado con biología o bioquímica.|||Meta||||||300054466||Meta|Term associated with biology or biochemistry.|Terme associé à la biologie ou à la biochimie.|Meta|
403|Geography|Término asociado con la geografía.|||Meta||||||300054388||Meta|Term associated with geography.|Terme associé à la géographie.|Meta|
404|Fortification element|Componente de fortificación|||Meta||||||300003687||Meta|Component of fortification.|Composant de fortification.|Meta|
405|Acuatic obstacle|Elemento percibido como obstáculo acuático.|||Meta||||||||Meta|Element perceived as an aquatic obstacle.|Élément perçu comme obstacle aquatique.|Meta|
406|Social Category|Componente del orden social.|||Meta||||||300138992||Meta|Component of social order.|Composant de l'ordre social.|Meta|
407|Social Group|Grupo o segmento social definido por calidades comunes.|||Meta||||||300162096||Meta|Group or social segment defined by common qualities.|Groupe ou segment social défini par des qualités communes.|Meta|
408|Industry|Término asociado con actividades productivas.|||Meta||||||300055718||Meta|Term associated with productive activities.|Terme associé aux activités productives.|Meta|
409|Urbs|Término que agrupa ciudades y villas.|||Meta||||||300130893||Meta|Term that groups cities and towns.|Terme qui regroupe des villes et des villages.|Meta|
410|Meta|Término meta usado para categorizar otros conceptos.|||Meta||||||||Meta|||Meta|
