document id;document_name;id_x;annotation;context;start_offset;end_offset;annotator_id;annotator_name;tag_name;color;annotation_id
D_ABBA6377-FCBE-4C15-933A-1669E9923677;SAMPLETEXT C;10033;Obispo;como son la Laguna del ***Obispo***, el de Juanantar,;393;399;C_5C91AE20-71AC-4B51-8948-B1911D2C7EB6;SAMPLETEXT C Default Annotations;_GeoEntity_Landmark;#C0BF96;CATMA_0717BDDB-A3A8-4498-871A-23481D939684
D_ABBA6377-FCBE-4C15-933A-1669E9923677;SAMPLETEXT C;10033;Coleti;, como dice el Ex-Jesuita ***Coleti***, en un hermoso y;7103;7109;C_5C91AE20-71AC-4B51-8948-B1911D2C7EB6;SAMPLETEXT C Default Annotations;_NonGeoEntity_Person;#00EFFD;CATMA_CD6E36D9-35C1-4F57-A3E6-8E4072D73947
D_ABBA6377-FCBE-4C15-933A-1669E9923677;SAMPLETEXT C;10033;Quepe;"el nombre en el de ***Quepe***.

§§§id";6417;6422;C_5C91AE20-71AC-4B51-8948-B1911D2C7EB6;SAMPLETEXT C Default Annotations;_GeoEntity_Landmark;#C0BF96;CATMA_F6EFE786-7C86-40A9-8AB0-1FF923D8C166
D_ABBA6377-FCBE-4C15-933A-1669E9923677;SAMPLETEXT C;10033;Regulares de la Compañía;las Misiones que tenían los ***Regulares de la Compañía*** en la Provincia de Topia;1277;1301;C_5C91AE20-71AC-4B51-8948-B1911D2C7EB6;SAMPLETEXT C Default Annotations;_NonGeoEntity_Organization;#02FFF1;CATMA_D43ECE9B-11F1-403D-9439-2847DBE8CCB3
D_ABBA6377-FCBE-4C15-933A-1669E9923677;SAMPLETEXT C;10033;San Miguel;"los Remedios, 
##***San Miguel***, 
Ciudad de Santiago de";8710;8720;C_5C91AE20-71AC-4B51-8948-B1911D2C7EB6;SAMPLETEXT C Default Annotations;_GeoEntity_Settlement;#31D800;CATMA_9010DD2E-99A9-4622-BA7B-06A27A69F6B2
D_ABBA6377-FCBE-4C15-933A-1669E9923677;SAMPLETEXT C;10033;Cheraquis ;y país de los Indios ***Cheraquis ***del medio, corren del;2214;2224;C_5C91AE20-71AC-4B51-8948-B1911D2C7EB6;SAMPLETEXT C Default Annotations;_NonGeoEntity_Human Group;#00B0A2;CATMA_E995E105-6B80-444A-9C63-53E676F9FD72
D_ABBA6377-FCBE-4C15-933A-1669E9923677;SAMPLETEXT C;10033;Carolina Meridional;Montañas de) en la ***Carolina Meridional*** y país de los Indios;2173;2192;C_5C91AE20-71AC-4B51-8948-B1911D2C7EB6;SAMPLETEXT C Default Annotations;_GeoEntity_Territory;#2FA700;CATMA_01C7A6D8-90CB-4B70-BA0B-6C02AE0EEB94
D_ABBA6377-FCBE-4C15-933A-1669E9923677;SAMPLETEXT C;10033;Carolina Meridional;Pueblo de Indios de la ***Carolina Meridional***, situada a orilla del;2304;2323;C_5C91AE20-71AC-4B51-8948-B1911D2C7EB6;SAMPLETEXT C Default Annotations;_GeoEntity_Territory;#2FA700;CATMA_D18738EA-9644-47F3-8D91-5B68B8F8E59A
D_ABBA6377-FCBE-4C15-933A-1669E9923677;SAMPLETEXT C;10033;Ascapotzalco;". Angel.
##***Ascapotzalco***.
San Bartolomé Naucalpáa.";5990;6002;C_5C91AE20-71AC-4B51-8948-B1911D2C7EB6;SAMPLETEXT C Default Annotations;_GeoEntity_Settlement;#31D800;CATMA_999ED664-A8D7-4736-963E-55C464DD34F1
D_ABBA6377-FCBE-4C15-933A-1669E9923677;SAMPLETEXT C;10033;Panamá;"@@

#Ciudad de ***Panamá***, Capital del Reyno,";8187;8193;C_5C91AE20-71AC-4B51-8948-B1911D2C7EB6;SAMPLETEXT C Default Annotations;_GeoEntity_Settlement;#31D800;CATMA_85D47EEF-721D-41A9-B925-9516F4C8DEA6
D_ABBA6377-FCBE-4C15-933A-1669E9923677;SAMPLETEXT C;10033;Panamá;vecinos y del Obispo de ***Panamá***, que hicieron varias representaciones;8471;8477;C_5C91AE20-71AC-4B51-8948-B1911D2C7EB6;SAMPLETEXT C Default Annotations;_GeoEntity_Settlement;#31D800;CATMA_EEAD9923-6D74-4A81-9999-9231B5DBE65D
D_ABBA6377-FCBE-4C15-933A-1669E9923677;SAMPLETEXT C;10033;Panches ;de la Provincia de los ***Panches ***en el Nuevo Reyno de;6484;6492;C_5C91AE20-71AC-4B51-8948-B1911D2C7EB6;SAMPLETEXT C Default Annotations;_GeoEntity_Territory;#2FA700;CATMA_E461F5EF-DC33-4527-8DB2-258AAAE8F5B9
D_ABBA6377-FCBE-4C15-933A-1669E9923677;SAMPLETEXT C;10033;América Meridional;caudaloso y navegable de la ***América Meridional***, de los mayores que;8016;8034;C_5C91AE20-71AC-4B51-8948-B1911D2C7EB6;SAMPLETEXT C Default Annotations;_GeoEntity_Territory;#2FA700;CATMA_C6D91530-F209-46B9-AE8B-E8CBE4F786F4
D_ABBA6377-FCBE-4C15-933A-1669E9923677;SAMPLETEXT C;10033;Cambis ;#tado llano llamado de ***Cambis ***en el país y territorio;7155;7162;C_5C91AE20-71AC-4B51-8948-B1911D2C7EB6;SAMPLETEXT C Default Annotations;_GeoEntity_Landmark;#C0BF96;CATMA_397D069D-3C5A-46C1-8F70-4B72DE872E97
D_ABBA6377-FCBE-4C15-933A-1669E9923677;SAMPLETEXT C;10033;Carlos V;Domingo de orden del Emperador ***Carlos V***, que la mandó llamar;9807;9815;C_5C91AE20-71AC-4B51-8948-B1911D2C7EB6;SAMPLETEXT C Default Annotations;_NonGeoEntity_Person;#00EFFD;CATMA_EBC8D262-AEF2-4218-9CAC-E18D5EACB3A3
D_ABBA6377-FCBE-4C15-933A-1669E9923677;SAMPLETEXT C;10033;Yucathán;el N con la de ***Yucathán***, por el SSO y;9503;9511;C_5C91AE20-71AC-4B51-8948-B1911D2C7EB6;SAMPLETEXT C Default Annotations;_GeoEntity_Territory;#2FA700;CATMA_4C30F063-8DC2-4711-BE0C-6F53AE46F714
D_ABBA6377-FCBE-4C15-933A-1669E9923677;SAMPLETEXT C;10033;Félix Bajara##no;y afán del Gobernador Don ***Félix Bajara##no***, que se mantuvo 21;8369;8385;C_5C91AE20-71AC-4B51-8948-B1911D2C7EB6;SAMPLETEXT C Default Annotations;_NonGeoEntity_Person;#00EFFD;CATMA_39ABD02C-C4C0-4B67-BDD8-88266E4F0356
D_ABBA6377-FCBE-4C15-933A-1669E9923677;SAMPLETEXT C;10033;Boroa ;, Río del partido de ***Boroa ***en el Reyno de Chile;6322;6328;C_5C91AE20-71AC-4B51-8948-B1911D2C7EB6;SAMPLETEXT C Default Annotations;_GeoEntity_Territory;#2FA700;CATMA_41DE8728-2182-4511-9961-544A51A7327C
D_ABBA6377-FCBE-4C15-933A-1669E9923677;SAMPLETEXT C;10033;Georgia ;Monte de la Provincia de ***Georgia ***en la América Septentrional,;6206;6214;C_5C91AE20-71AC-4B51-8948-B1911D2C7EB6;SAMPLETEXT C Default Annotations;_GeoEntity_Territory;#2FA700;CATMA_234A9774-4FFF-40EF-952B-8D7C7E04F94C
D_ABBA6377-FCBE-4C15-933A-1669E9923677;SAMPLETEXT C;10033;Religiosos del Orden de Santo Domingo;"está al cuidado de los ***Religiosos del Orden de Santo Domingo***.

§§§id";1969;2006;C_5C91AE20-71AC-4B51-8948-B1911D2C7EB6;SAMPLETEXT C Default Annotations;_NonGeoEntity_Organization;#02FFF1;CATMA_594DF410-CE0C-4C0F-9ECD-2E597437838E
D_ABBA6377-FCBE-4C15-933A-1669E9923677;SAMPLETEXT C;10033;Boya;"al S O del de ***Boya***.

§§§id";7948;7952;C_5C91AE20-71AC-4B51-8948-B1911D2C7EB6;SAMPLETEXT C Default Annotations;_GeoEntity_Landmark;#C0BF96;CATMA_198D5449-D6F4-4FDC-B54C-79AA6FEE97FD
D_ABBA6377-FCBE-4C15-933A-1669E9923677;SAMPLETEXT C;10033;Jalcones;y territorio de los Indios ***Jalcones***, a orilla del río;7200;7208;C_5C91AE20-71AC-4B51-8948-B1911D2C7EB6;SAMPLETEXT C Default Annotations;_NonGeoEntity_Human Group;#00B0A2;CATMA_B6006F77-272D-448A-B841-D225B905CF40
D_ABBA6377-FCBE-4C15-933A-1669E9923677;SAMPLETEXT C;10033;Ciudad de Santiago de Alanje;"##San Miguel, 
***Ciudad de Santiago de Alanje***, 
San Félix, 
San";8724;8752;C_5C91AE20-71AC-4B51-8948-B1911D2C7EB6;SAMPLETEXT C Default Annotations;_GeoEntity_Settlement;#31D800;CATMA_757E9C85-6396-4960-B634-D7C81768708D
D_ABBA6377-FCBE-4C15-933A-1669E9923677;SAMPLETEXT C;10033;San Antonio;Misiones recien fundados los de ***San Antonio***, Dolega, y Gualaca;8965;8976;C_5C91AE20-71AC-4B51-8948-B1911D2C7EB6;SAMPLETEXT C Default Annotations;_GeoEntity_Settlement;#31D800;CATMA_F3E71D9A-B8C1-4B1A-8E6B-FA21F3F2C84B
D_ABBA6377-FCBE-4C15-933A-1669E9923677;SAMPLETEXT C;10033;Montijo;"ó rio de Jesús, 
***Montijo***, 
Ciudad de Pueblo Nuevo";8881;8888;C_5C91AE20-71AC-4B51-8948-B1911D2C7EB6;SAMPLETEXT C Default Annotations;_GeoEntity_Settlement;#31D800;CATMA_BA80A37B-08C2-49B4-8F29-CC9F6ABCACF7
D_ABBA6377-FCBE-4C15-933A-1669E9923677;SAMPLETEXT C;10033;San Miguel de Boquerón;"Bugava, 
###***San Miguel de Boquerón***, 
La Trinidad, ó";8824;8846;C_5C91AE20-71AC-4B51-8948-B1911D2C7EB6;SAMPLETEXT C Default Annotations;_GeoEntity_Settlement;#31D800;CATMA_DE972D38-5B22-4A75-AAA5-C2F29CC471A2
D_ABBA6377-FCBE-4C15-933A-1669E9923677;SAMPLETEXT C;10033;San Juan de los Llanos;la Provincia y Gobierno de ***San Juan de los Llanos*** del Nuevo Reyno de Granada;1566;1588;C_5C91AE20-71AC-4B51-8948-B1911D2C7EB6;SAMPLETEXT C Default Annotations;_GeoEntity_Territory;#2FA700;CATMA_F039FDE8-69FB-4E4B-8E1A-EEC1C1DC6D7F
D_ABBA6377-FCBE-4C15-933A-1669E9923677;SAMPLETEXT C;10033;N;Isla de la mar del ***N***, cerca de la Costa;9083;9084;C_5C91AE20-71AC-4B51-8948-B1911D2C7EB6;SAMPLETEXT C Default Annotations;_GeoEntity_Landmark;#C0BF96;CATMA_5AC9D542-5A08-4E89-874C-D9D86620DDD3
D_ABBA6377-FCBE-4C15-933A-1669E9923677;SAMPLETEXT C;10033;Tucumán ;la Provincia y Gobierno del ***Tucumán ***en el Perú, situado;3454;3462;C_5C91AE20-71AC-4B51-8948-B1911D2C7EB6;SAMPLETEXT C Default Annotations;_GeoEntity_Territory;#2FA700;CATMA_EC4B2A25-53D3-46E5-A421-64CE58B25937
D_ABBA6377-FCBE-4C15-933A-1669E9923677;SAMPLETEXT C;10033;"Guayana 
";", País grande llamado hoy ***Guayana 
***
@@@Alcedo_vol_";2061;2071;C_5C91AE20-71AC-4B51-8948-B1911D2C7EB6;SAMPLETEXT C Default Annotations;_GeoEntity_Territory;#2FA700;CATMA_DACAD4ED-8EF6-4F51-A670-B8480A273F86
D_ABBA6377-FCBE-4C15-933A-1669E9923677;SAMPLETEXT C;10033;Pedi;"y entra en el de ***Pedi***. 

§§§id";4101;4105;C_5C91AE20-71AC-4B51-8948-B1911D2C7EB6;SAMPLETEXT C Default Annotations;_GeoEntity_Landmark;#C0BF96;CATMA_5B5D908E-8619-4D4C-A07F-364A7C36DE5C
D_ABBA6377-FCBE-4C15-933A-1669E9923677;SAMPLETEXT C;10033;Loxa ;la Provincia y Corregimiento de ***Loxa ***en el Reyno de Quito;1182;1187;C_5C91AE20-71AC-4B51-8948-B1911D2C7EB6;SAMPLETEXT C Default Annotations;_GeoEntity_Territory;#2FA700;CATMA_ADDC8CD7-DB73-4392-8C23-D47C6F498510
D_ABBA6377-FCBE-4C15-933A-1669E9923677;SAMPLETEXT C;10033;Chile;"los confines del Reyno de ***Chile***. 

§§§id";3511;3516;C_5C91AE20-71AC-4B51-8948-B1911D2C7EB6;SAMPLETEXT C Default Annotations;_GeoEntity_Territory;#2FA700;CATMA_B1478B8B-01CE-42AD-8937-64ACF7CF1971
D_ABBA6377-FCBE-4C15-933A-1669E9923677;SAMPLETEXT C;10033;Chile;Boroa en el Reyno de ***Chile***, corre al O,;6343;6348;C_5C91AE20-71AC-4B51-8948-B1911D2C7EB6;SAMPLETEXT C Default Annotations;_GeoEntity_Territory;#2FA700;CATMA_68438098-12F7-4B8E-9A71-9DFDCD882FF2
D_ABBA6377-FCBE-4C15-933A-1669E9923677;SAMPLETEXT C;10033;San Marcelo de la Mesa;"Francisco de la Montaña, 
***San Marcelo de la Mesa***, 
La Ciudad de los";8653;8675;C_5C91AE20-71AC-4B51-8948-B1911D2C7EB6;SAMPLETEXT C Default Annotations;_GeoEntity_Settlement;#31D800;CATMA_A547CF11-4339-464B-97EB-20DA4BCC5C4A
D_ABBA6377-FCBE-4C15-933A-1669E9923677;SAMPLETEXT C;10033;Guamanga;", distante 14 leguas de ***Guamanga***. 

§§§id";3998;4006;C_5C91AE20-71AC-4B51-8948-B1911D2C7EB6;SAMPLETEXT C Default Annotations;_GeoEntity_Settlement;#31D800;CATMA_92ABFF5C-0CDC-4E32-B29A-19A10CA87BE0
D_ABBA6377-FCBE-4C15-933A-1669E9923677;SAMPLETEXT C;10033;Ciudad de Pueblo Nuevo;"de Jesús, 
Montijo, 
***Ciudad de Pueblo Nuevo***, 
$$$
#";8892;8914;C_5C91AE20-71AC-4B51-8948-B1911D2C7EB6;SAMPLETEXT C Default Annotations;_GeoEntity_Settlement;#31D800;CATMA_6C394103-772E-461D-B8A6-091F3B2FB03A
D_ABBA6377-FCBE-4C15-933A-1669E9923677;SAMPLETEXT C;10033;Sebastián Quintero;de Granada, que fundó ***Sebastián Quintero*** el año de 1551,;7003;7021;C_5C91AE20-71AC-4B51-8948-B1911D2C7EB6;SAMPLETEXT C Default Annotations;_NonGeoEntity_Person;#00EFFD;CATMA_D62C44B1-266F-4517-A701-06CE8DAF8E32
D_ABBA6377-FCBE-4C15-933A-1669E9923677;SAMPLETEXT C;10033;Norte;"Magdalena y el Cabo del ***Norte***. 

§§§id";4534;4539;C_5C91AE20-71AC-4B51-8948-B1911D2C7EB6;SAMPLETEXT C Default Annotations;_GeoEntity_Landmark;#C0BF96;CATMA_99EB047D-4557-4126-A071-C6A75DE1CC01
D_ABBA6377-FCBE-4C15-933A-1669E9923677;SAMPLETEXT C;10033;Veragua ;mismo nombre de Escudo de ***Veragua ***una Isla de la mar;9052;9060;C_5C91AE20-71AC-4B51-8948-B1911D2C7EB6;SAMPLETEXT C Default Annotations;_GeoEntity_Landmark;#C0BF96;CATMA_BEBC9E2C-B092-481D-BEB2-904E56BCAFF9
D_ABBA6377-FCBE-4C15-933A-1669E9923677;SAMPLETEXT C;10033;Otomies;tiene 83 familias de Indios ***Otomies***, y esta 8 leguas;3061;3068;C_5C91AE20-71AC-4B51-8948-B1911D2C7EB6;SAMPLETEXT C Default Annotations;_NonGeoEntity_Human Group;#00B0A2;CATMA_B20F9B8D-2E79-4B94-A63C-D324A75B1027
D_ABBA6377-FCBE-4C15-933A-1669E9923677;SAMPLETEXT C;10033;Brasil;Capitanía de Seara en el ***Brasil***, corre al NNE,;2445;2451;C_5C91AE20-71AC-4B51-8948-B1911D2C7EB6;SAMPLETEXT C Default Annotations;_GeoEntity_Territory;#2FA700;CATMA_F4CC41D1-B236-4034-963C-175CCDD8A6DC
D_ABBA6377-FCBE-4C15-933A-1669E9923677;SAMPLETEXT C;10033;Piastla;"á la orilla del rio ***Piastla***. 

§§§id";1423;1430;C_5C91AE20-71AC-4B51-8948-B1911D2C7EB6;SAMPLETEXT C Default Annotations;_GeoEntity_Landmark;#C0BF96;CATMA_8C32D659-4384-4B29-9E69-FA73C5D46BDA
D_ABBA6377-FCBE-4C15-933A-1669E9923677;SAMPLETEXT C;10033;Honduras;el seno ó golfo de ***Honduras***, tiene 48 leguas de;9648;9656;C_5C91AE20-71AC-4B51-8948-B1911D2C7EB6;SAMPLETEXT C Default Annotations;_GeoEntity_Landmark;#C0BF96;CATMA_8D3A71EF-BE95-4149-AC8A-0F4CE74966E8
D_ABBA6377-FCBE-4C15-933A-1669E9923677;SAMPLETEXT C;10033;Carolina Septentrional;HIWAREE, Rio de la ***Carolina Septentrional***, corre al SO,;4047;4069;C_5C91AE20-71AC-4B51-8948-B1911D2C7EB6;SAMPLETEXT C Default Annotations;_GeoEntity_Territory;#2FA700;CATMA_A23EEE03-FDE0-4E87-8F11-49C530E9D2D6
D_ABBA6377-FCBE-4C15-933A-1669E9923677;SAMPLETEXT C;10033;Sebastián de Benalcazar;y no el de 1538 ***Sebastián de Benalcazar***, como dice el Ex-Jesuita;7054;7077;C_5C91AE20-71AC-4B51-8948-B1911D2C7EB6;SAMPLETEXT C Default Annotations;_NonGeoEntity_Person;#00EFFD;CATMA_7426240A-251B-4C4B-AA71-E8782C06CC3E
D_ABBA6377-FCBE-4C15-933A-1669E9923677;SAMPLETEXT C;10033;Seara ;la Provincia y Capitanía de ***Seara ***en el Brasil, corre;2433;2439;C_5C91AE20-71AC-4B51-8948-B1911D2C7EB6;SAMPLETEXT C Default Annotations;_GeoEntity_Territory;#2FA700;CATMA_39AE4645-390C-4F33-B48C-A16F450D30DA
D_ABBA6377-FCBE-4C15-933A-1669E9923677;SAMPLETEXT C;10033;Culhuacán;"S. Cristoval Ecatepec. 
***Culhuacán***.
$$$

@";6059;6068;C_5C91AE20-71AC-4B51-8948-B1911D2C7EB6;SAMPLETEXT C Default Annotations;_GeoEntity_Settlement;#31D800;CATMA_7CFE6672-D3CA-4AFD-B4FA-E656909CEDED
D_ABBA6377-FCBE-4C15-933A-1669E9923677;SAMPLETEXT C;10033;Topia ;Compañía en la Provincia de ***Topia ***y Reyno de la Nueva;1321;1327;C_5C91AE20-71AC-4B51-8948-B1911D2C7EB6;SAMPLETEXT C Default Annotations;_GeoEntity_Territory;#2FA700;CATMA_38639457-0993-40EC-8F9C-73CA02577C3D
D_ABBA6377-FCBE-4C15-933A-1669E9923677;SAMPLETEXT C;10033;Santa Fe;30 al S E de ***Santa Fe***, y 7 de Timaná;7611;7619;C_5C91AE20-71AC-4B51-8948-B1911D2C7EB6;SAMPLETEXT C Default Annotations;_GeoEntity_Settlement;#31D800;CATMA_5CB6EDA0-ADE6-4857-BF3A-7ECCDC8F9D9C
D_ABBA6377-FCBE-4C15-933A-1669E9923677;SAMPLETEXT C;10033;Tepeaca ;Cabecera y Alcaldía mayor de ***Tepeaca ***en Nueva España, tiene;2790;2798;C_5C91AE20-71AC-4B51-8948-B1911D2C7EB6;SAMPLETEXT C Default Annotations;_GeoEntity_Territory;#2FA700;CATMA_D4EA3FBE-9256-4750-AE5A-C525A02542D9
D_ABBA6377-FCBE-4C15-933A-1669E9923677;SAMPLETEXT C;10033;Perú;Corregimiento de Guanta en el ***Perú***, distante 14 leguas de;3970;3974;C_5C91AE20-71AC-4B51-8948-B1911D2C7EB6;SAMPLETEXT C Default Annotations;_GeoEntity_Territory;#2FA700;CATMA_B6DE376B-2948-480D-8EC0-391972F0EC7C
D_ABBA6377-FCBE-4C15-933A-1669E9923677;SAMPLETEXT C;10033;Perú;Gobierno del Tucumán en el ***Perú***, situado en los confines;3468;3472;C_5C91AE20-71AC-4B51-8948-B1911D2C7EB6;SAMPLETEXT C Default Annotations;_GeoEntity_Territory;#2FA700;CATMA_C57C5CBC-96B5-4034-A7CC-197B7FA5A866
D_ABBA6377-FCBE-4C15-933A-1669E9923677;SAMPLETEXT C;10033;Perú;"Arzobispado de Charcas en el ***Perú***; µµµvéase Chuquisacaµµµ.

§";6807;6811;C_5C91AE20-71AC-4B51-8948-B1911D2C7EB6;SAMPLETEXT C Default Annotations;_GeoEntity_Territory;#2FA700;CATMA_BA08F3D3-346B-4FCF-BD78-A8ED27DC74CE
D_ABBA6377-FCBE-4C15-933A-1669E9923677;SAMPLETEXT C;10033;Nueva Inglaterra;una de las de la ***Nueva Inglaterra***, esta entre el cabo;3798;3814;C_5C91AE20-71AC-4B51-8948-B1911D2C7EB6;SAMPLETEXT C Default Annotations;_GeoEntity_Territory;#2FA700;CATMA_08641DBA-B113-4551-905C-89C0C80E7FBB
D_ABBA6377-FCBE-4C15-933A-1669E9923677;SAMPLETEXT C;10033;Nuevo Reyno de Granada;Juan de los Llanos del ***Nuevo Reyno de Granada***: era antes una hacienda;1593;1615;C_5C91AE20-71AC-4B51-8948-B1911D2C7EB6;SAMPLETEXT C Default Annotations;_GeoEntity_Territory;#2FA700;CATMA_8400929C-C918-4118-B0FE-B2AA757CC1B1
D_ABBA6377-FCBE-4C15-933A-1669E9923677;SAMPLETEXT C;10033;Nuevo Reyno de Granada;Gobierno de Popayán en el ***Nuevo Reyno de Granada***, que fundó Sebastián Quintero;6969;6991;C_5C91AE20-71AC-4B51-8948-B1911D2C7EB6;SAMPLETEXT C Default Annotations;_GeoEntity_Territory;#2FA700;CATMA_E38A7306-555B-4BD7-99A1-C1DB0E21781E
D_ABBA6377-FCBE-4C15-933A-1669E9923677;SAMPLETEXT C;10033;Luisiana ;Provincia y Gobierno de la ***Luisiana ***en la América Septentrional,;4445;4454;C_5C91AE20-71AC-4B51-8948-B1911D2C7EB6;SAMPLETEXT C Default Annotations;_GeoEntity_Territory;#2FA700;CATMA_D413797A-7ADD-4A5A-8834-F571C0BDC0B4
D_ABBA6377-FCBE-4C15-933A-1669E9923677;SAMPLETEXT C;10033;Atacama ;la Provincia y Corregimiento de ***Atacama ***y Arzobispado de Charcas en;3312;3320;C_5C91AE20-71AC-4B51-8948-B1911D2C7EB6;SAMPLETEXT C Default Annotations;_GeoEntity_Territory;#2FA700;CATMA_8C1AEB9B-B00A-4D6D-865E-889A113288F4
D_ABBA6377-FCBE-4C15-933A-1669E9923677;SAMPLETEXT C;10033;Savannah;"situado a orilla del rio ***Savannah***.

§§§id";6268;6276;C_5C91AE20-71AC-4B51-8948-B1911D2C7EB6;SAMPLETEXT C Default Annotations;_GeoEntity_Landmark;#C0BF96;CATMA_1CAE9E0F-1333-4C9F-B8F5-CA28D9386CD6
D_ABBA6377-FCBE-4C15-933A-1669E9923677;SAMPLETEXT C;10033;Santa Rosa de Chire;"eran, del Curato de ***Santa Rosa de Chire***; es de temperamento cálido";1796;1815;C_5C91AE20-71AC-4B51-8948-B1911D2C7EB6;SAMPLETEXT C Default Annotations;_GeoEntity_Settlement;#31D800;CATMA_16C3BE72-4849-4E66-9B73-EBB3B90B469D
D_ABBA6377-FCBE-4C15-933A-1669E9923677;SAMPLETEXT C;10033;Chiuchiu;", anexo Curato del de ***Chiuchiu***. 

§§§id";3377;3385;C_5C91AE20-71AC-4B51-8948-B1911D2C7EB6;SAMPLETEXT C Default Annotations;_GeoEntity_Settlement;#31D800;CATMA_06CF973F-99EC-4466-B22B-D4FA82168FFE
D_ABBA6377-FCBE-4C15-933A-1669E9923677;SAMPLETEXT C;10033;Hoec;"de Daniel y el rio ***Hoec***. 

§§§id";2515;2519;C_5C91AE20-71AC-4B51-8948-B1911D2C7EB6;SAMPLETEXT C Default Annotations;_GeoEntity_Landmark;#C0BF96;CATMA_A6D58CD7-4B74-4839-B891-65382C094275
D_ABBA6377-FCBE-4C15-933A-1669E9923677;SAMPLETEXT C;10033;Tierra-Firme;anterior en el Reyno de ***Tierra-Firme***, descubierta por el Almirante;9155;9167;C_5C91AE20-71AC-4B51-8948-B1911D2C7EB6;SAMPLETEXT C Default Annotations;_GeoEntity_Territory;#2FA700;CATMA_D089B3DE-8436-42FF-BC59-7EAF4F3977D4
D_ABBA6377-FCBE-4C15-933A-1669E9923677;SAMPLETEXT C;10033;Mechoacán ;la Provincia y Obispado de ***Mechoacán ***por un lado, y;4968;4978;C_5C91AE20-71AC-4B51-8948-B1911D2C7EB6;SAMPLETEXT C Default Annotations;_GeoEntity_Territory;#2FA700;CATMA_1C7D8045-B52E-4D20-BE45-177419190F73
D_ABBA6377-FCBE-4C15-933A-1669E9923677;SAMPLETEXT C;10033;Nexapa ;"de la Alcaldía mayor de ***Nexapa ***en 

@@@Alcedo_vol";4184;4191;C_5C91AE20-71AC-4B51-8948-B1911D2C7EB6;SAMPLETEXT C Default Annotations;_GeoEntity_Territory;#2FA700;CATMA_55514648-7B70-414B-BF76-98288767339E
D_ABBA6377-FCBE-4C15-933A-1669E9923677;SAMPLETEXT C;10033;Mariquita;al N de la de ***Mariquita***, hoy está destruida,;6630;6639;C_5C91AE20-71AC-4B51-8948-B1911D2C7EB6;SAMPLETEXT C Default Annotations;_GeoEntity_Settlement;#31D800;CATMA_1912BA25-A6DA-48A0-B330-A52863AE72E1
D_ABBA6377-FCBE-4C15-933A-1669E9923677;SAMPLETEXT C;10033;Guanta ;la Provincia y Corregimiento de ***Guanta ***en el Perú, distante;3957;3964;C_5C91AE20-71AC-4B51-8948-B1911D2C7EB6;SAMPLETEXT C Default Annotations;_GeoEntity_Territory;#2FA700;CATMA_BB39CB7A-A3CD-4835-86C6-FC7C27C19F4A
D_ABBA6377-FCBE-4C15-933A-1669E9923677;SAMPLETEXT C;10033;San Pablo;"Félix, 
San Lorenzo, 
***San Pablo***, 
San Joseph de Bugava";8784;8793;C_5C91AE20-71AC-4B51-8948-B1911D2C7EB6;SAMPLETEXT C Default Annotations;_GeoEntity_Settlement;#31D800;CATMA_0DD8D55F-1181-40E3-A2D6-F04FF56E7B47
D_ABBA6377-FCBE-4C15-933A-1669E9923677;SAMPLETEXT C;10033;Timaná;Fe, y 7 de ***Timaná***, en 3 gr.;7628;7634;C_5C91AE20-71AC-4B51-8948-B1911D2C7EB6;SAMPLETEXT C Default Annotations;_GeoEntity_Settlement;#31D800;CATMA_C91D8499-37A3-45DA-8ADD-915A2A9EDB36
D_ABBA6377-FCBE-4C15-933A-1669E9923677;SAMPLETEXT C;10033;Marañon ó Amazonas;que se conocen después del ***Marañon ó Amazonas***, y da nombre a;8078;8096;C_5C91AE20-71AC-4B51-8948-B1911D2C7EB6;SAMPLETEXT C Default Annotations;_GeoEntity_Landmark;#C0BF96;CATMA_FAE3EF10-87DB-4780-ADCD-1E1F41C1C85D
D_ABBA6377-FCBE-4C15-933A-1669E9923677;SAMPLETEXT C;10033;Sonsonate ;Provincia y Alcaldía mayor de ***Sonsonate ***en el Reyno de Guatemala;4629;4639;C_5C91AE20-71AC-4B51-8948-B1911D2C7EB6;SAMPLETEXT C Default Annotations;_GeoEntity_Territory;#2FA700;CATMA_E1CDE592-12B8-474E-BE4C-B2159E92B4CB
D_ABBA6377-FCBE-4C15-933A-1669E9923677;SAMPLETEXT C;10033;Tlalchicomula ;nombre de la Cabecera de ***Tlalchicomula ***y Alcaldía mayor que el;2946;2960;C_5C91AE20-71AC-4B51-8948-B1911D2C7EB6;SAMPLETEXT C Default Annotations;_GeoEntity_Settlement;#31D800;CATMA_79AD01FC-8457-45CE-BF70-EB1BA0BA171A
D_ABBA6377-FCBE-4C15-933A-1669E9923677;SAMPLETEXT C;10033;Nueva España;, Provincia y Corregimiento de ***Nueva España*** en la América Septentrional:;4722;4734;C_5C91AE20-71AC-4B51-8948-B1911D2C7EB6;SAMPLETEXT C Default Annotations;_GeoEntity_Territory;#2FA700;CATMA_819D611A-00CD-4FFE-98E4-F9349F18D2AB
D_ABBA6377-FCBE-4C15-933A-1669E9923677;SAMPLETEXT C;10033;Nueva España;Alcaldía mayor de Tepeaca en ***Nueva España***, tiene 42 familias de;2801;2813;C_5C91AE20-71AC-4B51-8948-B1911D2C7EB6;SAMPLETEXT C Default Annotations;_GeoEntity_Territory;#2FA700;CATMA_3140A403-4D51-4083-BD01-969F6C367314
D_ABBA6377-FCBE-4C15-933A-1669E9923677;SAMPLETEXT C;10033;Elisabet o Isabel;, esta entre el cabo ***Elisabet o Isabel*** y la Isla de Bois;3835;3852;C_5C91AE20-71AC-4B51-8948-B1911D2C7EB6;SAMPLETEXT C Default Annotations;_GeoEntity_Landmark;#C0BF96;CATMA_476FE648-183D-4679-BB0C-9DD866B88B89
D_ABBA6377-FCBE-4C15-933A-1669E9923677;SAMPLETEXT C;10033;Magdalena ;mar entre el de la ***Magdalena ***y el Cabo del Norte;4510;4520;C_5C91AE20-71AC-4B51-8948-B1911D2C7EB6;SAMPLETEXT C Default Annotations;_GeoEntity_Landmark;#C0BF96;CATMA_E4A82367-7563-4181-A6CE-8631C69801CA
D_ABBA6377-FCBE-4C15-933A-1669E9923677;SAMPLETEXT C;10033;San Miguel de la Atalaya;"este Gobierno son 

ßßß
#
***San Miguel de la Atalaya***, 
San Francisco de la";8594;8618;C_5C91AE20-71AC-4B51-8948-B1911D2C7EB6;SAMPLETEXT C Default Annotations;_GeoEntity_Settlement;#31D800;CATMA_E10254FF-D91F-4F20-8168-36710A62285E
D_ABBA6377-FCBE-4C15-933A-1669E9923677;SAMPLETEXT C;10033;Puerto de Plata;"§§
Un Pueblo llamado ***Puerto de Plata*** en la Isla de Santo";7703;7718;C_5C91AE20-71AC-4B51-8948-B1911D2C7EB6;SAMPLETEXT C Default Annotations;_GeoEntity_Settlement;#31D800;CATMA_9777B1EC-97CE-485E-8371-327FAE512326
D_ABBA6377-FCBE-4C15-933A-1669E9923677;SAMPLETEXT C;10033;Pan de Marmousets;"de Padre Pin y el ***Pan de Marmousets***.

§§§id";7802;7819;C_5C91AE20-71AC-4B51-8948-B1911D2C7EB6;SAMPLETEXT C Default Annotations;_GeoEntity_Landmark;#C0BF96;CATMA_45B0F9B4-4F4D-41AF-897E-227E9E37B600
D_ABBA6377-FCBE-4C15-933A-1669E9923677;SAMPLETEXT C;10033;Ibari;"entre los de Ipane y ***Ibari***. 

§§§id";3682;3687;C_5C91AE20-71AC-4B51-8948-B1911D2C7EB6;SAMPLETEXT C Default Annotations;_GeoEntity_Landmark;#C0BF96;CATMA_12B65F1B-36BE-48BA-B7BB-0C8D9A778016
D_ABBA6377-FCBE-4C15-933A-1669E9923677;SAMPLETEXT C;10033;Padre Pin;N, entre el de ***Padre Pin*** y el Pan de Marmousets;7787;7796;C_5C91AE20-71AC-4B51-8948-B1911D2C7EB6;SAMPLETEXT C Default Annotations;_GeoEntity_Landmark;#C0BF96;CATMA_6C234BC0-C492-4CCA-8A61-66CBCAB03B0B
D_ABBA6377-FCBE-4C15-933A-1669E9923677;SAMPLETEXT C;10033;Ipane ;"Portugueses, entre los de ***Ipane ***y Ibari. 

§§";3674;3680;C_5C91AE20-71AC-4B51-8948-B1911D2C7EB6;SAMPLETEXT C Default Annotations;_GeoEntity_Landmark;#C0BF96;CATMA_D8BEA9AF-C7B3-4527-BFE5-37646CFBB864
D_ABBA6377-FCBE-4C15-933A-1669E9923677;SAMPLETEXT C;10033;Dolega;"los de San Antonio, ***Dolega***, y Gualaca. 

§";8978;8984;C_5C91AE20-71AC-4B51-8948-B1911D2C7EB6;SAMPLETEXT C Default Annotations;_GeoEntity_Settlement;#31D800;CATMA_12C55370-F008-487E-8CEE-4CC86AD11539
D_ABBA6377-FCBE-4C15-933A-1669E9923677;SAMPLETEXT C;10033;N ;de Panuco en la del ***N ***sobre una linea que corre;4885;4887;C_5C91AE20-71AC-4B51-8948-B1911D2C7EB6;SAMPLETEXT C Default Annotations;_GeoEntity_Landmark;#C0BF96;CATMA_A00EA4D1-983C-4E91-99DF-322DAFF21DB5
D_ABBA6377-FCBE-4C15-933A-1669E9923677;SAMPLETEXT C;10033;Hueco ;y se incorpora con el ***Hueco ***mudando el nombre en el;6384;6390;C_5C91AE20-71AC-4B51-8948-B1911D2C7EB6;SAMPLETEXT C Default Annotations;_GeoEntity_Landmark;#C0BF96;CATMA_9C590E45-13B9-4EA5-98FF-87D1CCBC682B
D_ABBA6377-FCBE-4C15-933A-1669E9923677;SAMPLETEXT C;10033;San Diego de Acapulco;leguas desde el Puerto de ***San Diego de Acapulco*** en la mar del Sur;4810;4831;C_5C91AE20-71AC-4B51-8948-B1911D2C7EB6;SAMPLETEXT C Default Annotations;_GeoEntity_Settlement;#31D800;CATMA_ED1FD6FB-410D-46F7-AD24-E0FD0648315D
D_ABBA6377-FCBE-4C15-933A-1669E9923677;SAMPLETEXT C;10033;S. Angel;"Agustín de las Cuebas.
***S. Angel***.
##Ascapotzalco.";5977;5985;C_5C91AE20-71AC-4B51-8948-B1911D2C7EB6;SAMPLETEXT C Default Annotations;_GeoEntity_Settlement;#31D800;CATMA_18CC5962-CFA5-4774-AFFB-9CF85FA2CFD4
D_ABBA6377-FCBE-4C15-933A-1669E9923677;SAMPLETEXT C;10033;Religiosos de Santo Domingo;"; diéronle este nombre los ***Religiosos de Santo Domingo*** de orden del Emperador Carlos";9756;9783;C_5C91AE20-71AC-4B51-8948-B1911D2C7EB6;SAMPLETEXT C Default Annotations;_NonGeoEntity_Organization;#02FFF1;CATMA_6F3F7780-AECF-4AF5-9AC5-A1C50680FB12
D_ABBA6377-FCBE-4C15-933A-1669E9923677;SAMPLETEXT C;10033;Chiapa;el O con la de ***Chiapa***, y por el E;9606;9612;C_5C91AE20-71AC-4B51-8948-B1911D2C7EB6;SAMPLETEXT C Default Annotations;_GeoEntity_Territory;#2FA700;CATMA_3F0DE686-F89A-4F26-8795-270197BAD342
D_ABBA6377-FCBE-4C15-933A-1669E9923677;SAMPLETEXT C;10033;S. Cristoval Ecatepec;"Naucalpáa.
###***S. Cristoval Ecatepec***. 
Culhuacán.
$$";6034;6055;C_5C91AE20-71AC-4B51-8948-B1911D2C7EB6;SAMPLETEXT C Default Annotations;_GeoEntity_Settlement;#31D800;CATMA_AD2DC542-E618-49CC-9EAC-1FA0678CC795
D_ABBA6377-FCBE-4C15-933A-1669E9923677;SAMPLETEXT C;10033;Cazanare;á la orilla del rio ***Cazanare***, cuyo caudal impedia el;1678;1686;C_5C91AE20-71AC-4B51-8948-B1911D2C7EB6;SAMPLETEXT C Default Annotations;_GeoEntity_Landmark;#C0BF96;CATMA_893D5B98-DEE6-48E3-B598-0AD4C1BBA40B
D_ABBA6377-FCBE-4C15-933A-1669E9923677;SAMPLETEXT C;10033;S. Agustín de las Cuebas;"los siguientes. 

ßßß
#***S. Agustín de las Cuebas***.
S. Angel.";5950;5974;C_5C91AE20-71AC-4B51-8948-B1911D2C7EB6;SAMPLETEXT C Default Annotations;_GeoEntity_Settlement;#31D800;CATMA_058D1517-0D6C-49FF-8330-8EAC518E9A77
D_ABBA6377-FCBE-4C15-933A-1669E9923677;SAMPLETEXT C;10033;Continent;Costa de la Provincia de ***Continent***, una de las de;3770;3779;C_5C91AE20-71AC-4B51-8948-B1911D2C7EB6;SAMPLETEXT C Default Annotations;_GeoEntity_Territory;#2FA700;CATMA_07035D7F-1D08-414D-AE3B-CCCA1A48A245
D_ABBA6377-FCBE-4C15-933A-1669E9923677;SAMPLETEXT C;10033;Popayán ;la Provincia y Gobierno de ***Popayán ***en el Nuevo Reyno de;6955;6963;C_5C91AE20-71AC-4B51-8948-B1911D2C7EB6;SAMPLETEXT C Default Annotations;_GeoEntity_Territory;#2FA700;CATMA_66DF32EA-B4A8-477A-9CFC-2DCD4C6D254C
D_ABBA6377-FCBE-4C15-933A-1669E9923677;SAMPLETEXT C;10033;Zacatilla;quien la divide el rio ***Zacatilla***, por el O con;9576;9585;C_5C91AE20-71AC-4B51-8948-B1911D2C7EB6;SAMPLETEXT C Default Annotations;_GeoEntity_Landmark;#C0BF96;CATMA_051B292D-5E6C-48BA-8D43-E7B7F248BBBD
D_ABBA6377-FCBE-4C15-933A-1669E9923677;SAMPLETEXT C;10033;Buenos Ayres;la Provincia y Gobierno de ***Buenos Ayres*** y corre al N,;3589;3601;C_5C91AE20-71AC-4B51-8948-B1911D2C7EB6;SAMPLETEXT C Default Annotations;_GeoEntity_Territory;#2FA700;CATMA_FC11AE73-1232-4F44-9793-22EA0205BA23
D_ABBA6377-FCBE-4C15-933A-1669E9923677;SAMPLETEXT C;10033;Nueva Vizcaya;Topia y Reyno de la ***Nueva Vizcaya***, situado en medio de;1341;1354;C_5C91AE20-71AC-4B51-8948-B1911D2C7EB6;SAMPLETEXT C Default Annotations;_GeoEntity_Territory;#2FA700;CATMA_48BDF130-240F-4DD4-B0FA-9C2D9269473E
D_ABBA6377-FCBE-4C15-933A-1669E9923677;SAMPLETEXT C;10033;Magdalena;del río grande de la ***Magdalena***, y al N de;6603;6612;C_5C91AE20-71AC-4B51-8948-B1911D2C7EB6;SAMPLETEXT C Default Annotations;_GeoEntity_Landmark;#C0BF96;CATMA_CC83A5B5-E7ED-498C-80BE-C4335B2E00A6
D_ABBA6377-FCBE-4C15-933A-1669E9923677;SAMPLETEXT C;10033;Magdalena;"4 leguas del de la ***Magdalena***; es cabeza de partido";7283;7292;C_5C91AE20-71AC-4B51-8948-B1911D2C7EB6;SAMPLETEXT C Default Annotations;_GeoEntity_Landmark;#C0BF96;CATMA_5F764284-7FDA-4F9D-8475-3F880E6E63FF
D_ABBA6377-FCBE-4C15-933A-1669E9923677;SAMPLETEXT C;10033;Nuevo Reyno de Granada;de los Panches en el ***Nuevo Reyno de Granada***, fundada por Sebastián de;6498;6520;C_5C91AE20-71AC-4B51-8948-B1911D2C7EB6;SAMPLETEXT C Default Annotations;_GeoEntity_Territory;#2FA700;CATMA_A9C55191-B5D9-4CC7-B699-21D03F2E3776
D_ABBA6377-FCBE-4C15-933A-1669E9923677;SAMPLETEXT C;10033;San Félix;"de Santiago de Alanje, 
***San Félix***, 
San Lorenzo, 
San";8756;8765;C_5C91AE20-71AC-4B51-8948-B1911D2C7EB6;SAMPLETEXT C Default Annotations;_GeoEntity_Settlement;#31D800;CATMA_430639C5-6E0B-47B6-B54B-F80CAE6C5F52
D_ABBA6377-FCBE-4C15-933A-1669E9923677;SAMPLETEXT C;10033;Bois o de la Madera;"Isabel y la Isla de ***Bois o de la Madera***. 

§§§id";3866;3885;C_5C91AE20-71AC-4B51-8948-B1911D2C7EB6;SAMPLETEXT C Default Annotations;_GeoEntity_Landmark;#C0BF96;CATMA_F642635E-F115-4AAC-850D-B49E73161E14
D_ABBA6377-FCBE-4C15-933A-1669E9923677;SAMPLETEXT C;10033;Tlaxcala;el otro con la de ***Tlaxcala***, entre las quales tirando;5015;5023;C_5C91AE20-71AC-4B51-8948-B1911D2C7EB6;SAMPLETEXT C Default Annotations;_GeoEntity_Territory;#2FA700;CATMA_73083CB3-5981-4D63-AE74-06A5379E9525
D_ABBA6377-FCBE-4C15-933A-1669E9923677;SAMPLETEXT C;10033;Juanantar;del Obispo, el de ***Juanantar***, el de Gurintar y;407;416;C_5C91AE20-71AC-4B51-8948-B1911D2C7EB6;SAMPLETEXT C Default Annotations;_GeoEntity_Landmark;#C0BF96;CATMA_85136C5A-C595-480C-975E-0FBC3E02A899
D_ABBA6377-FCBE-4C15-933A-1669E9923677;SAMPLETEXT C;10033;Guali ;, a orilla del río ***Guali ***que la baña por el;7227;7233;C_5C91AE20-71AC-4B51-8948-B1911D2C7EB6;SAMPLETEXT C Default Annotations;_GeoEntity_Landmark;#C0BF96;CATMA_F31BECD4-4372-4E55-87E4-B353B0CF296A
D_ABBA6377-FCBE-4C15-933A-1669E9923677;SAMPLETEXT C;10033;Gualaca;"Antonio, Dolega, y ***Gualaca***. 

§§§id";8988;8995;C_5C91AE20-71AC-4B51-8948-B1911D2C7EB6;SAMPLETEXT C Default Annotations;_GeoEntity_Settlement;#31D800;CATMA_E17BBA69-350E-4661-8F2E-5724ACDD08A6
D_ABBA6377-FCBE-4C15-933A-1669E9923677;SAMPLETEXT C;10033;Charcas ;"la Provincia y Arzobispado de ***Charcas ***en el Perú; µµµvéase";6793;6801;C_5C91AE20-71AC-4B51-8948-B1911D2C7EB6;SAMPLETEXT C Default Annotations;_GeoEntity_Territory;#2FA700;CATMA_699CE00B-DAA0-4E1A-B2A9-43A5726DA59C
D_ABBA6377-FCBE-4C15-933A-1669E9923677;SAMPLETEXT C;10033;Charcas ;de Atacama y Arzobispado de ***Charcas ***en el Perú, anexo;3337;3345;C_5C91AE20-71AC-4B51-8948-B1911D2C7EB6;SAMPLETEXT C Default Annotations;_GeoEntity_Territory;#2FA700;CATMA_337B0054-DE11-4EBD-98DE-B202495E4EF4
D_ABBA6377-FCBE-4C15-933A-1669E9923677;SAMPLETEXT C;10033;Quito;distrito de la Presidencia de ***Quito***, situado en el camino;2651;2656;C_5C91AE20-71AC-4B51-8948-B1911D2C7EB6;SAMPLETEXT C Default Annotations;_GeoEntity_Territory;#2FA700;CATMA_F3FC34E0-2779-4D6D-9997-07B8AA98251B
D_ABBA6377-FCBE-4C15-933A-1669E9923677;SAMPLETEXT C;10033;Quito;"Loxa en el Reyno de ***Quito***.

§§§id";1202;1207;C_5C91AE20-71AC-4B51-8948-B1911D2C7EB6;SAMPLETEXT C Default Annotations;_GeoEntity_Territory;#2FA700;CATMA_83A126FB-BC60-4D73-A6F7-3FF1880BD48F
D_ABBA6377-FCBE-4C15-933A-1669E9923677;SAMPLETEXT C;10033;América Septentrional;Provincia de Georgia en la ***América Septentrional***, situado a orilla del;6220;6241;C_5C91AE20-71AC-4B51-8948-B1911D2C7EB6;SAMPLETEXT C Default Annotations;_GeoEntity_Territory;#2FA700;CATMA_D13E0932-BD4A-44FD-B0A6-76BC529E7ABE
D_ABBA6377-FCBE-4C15-933A-1669E9923677;SAMPLETEXT C;10033;América Septentrional;de Nueva España en la ***América Septentrional***: tiene de largo 180;4741;4762;C_5C91AE20-71AC-4B51-8948-B1911D2C7EB6;SAMPLETEXT C Default Annotations;_GeoEntity_Territory;#2FA700;CATMA_CCE78910-085A-43FD-B5EA-F8BC2EC98061
D_ABBA6377-FCBE-4C15-933A-1669E9923677;SAMPLETEXT C;10033;América Septentrional;de la Luisiana en la ***América Septentrional***, sale al mar entre;4460;4481;C_5C91AE20-71AC-4B51-8948-B1911D2C7EB6;SAMPLETEXT C Default Annotations;_GeoEntity_Territory;#2FA700;CATMA_FD56B533-BA96-4C72-BE52-1F61A6FA1F6B
D_ABBA6377-FCBE-4C15-933A-1669E9923677;SAMPLETEXT C;10033;Daniel ;mar entre la punta de ***Daniel ***y el rio Hoec.;2499;2506;C_5C91AE20-71AC-4B51-8948-B1911D2C7EB6;SAMPLETEXT C Default Annotations;_GeoEntity_Landmark;#C0BF96;CATMA_CB94CAC7-E2DB-46B7-B302-05483B8F0FD4
D_ABBA6377-FCBE-4C15-933A-1669E9923677;SAMPLETEXT C;10033;San Joseph de Bugava;"Lorenzo, 
San Pablo, 
***San Joseph de Bugava***, 
###San";8797;8817;C_5C91AE20-71AC-4B51-8948-B1911D2C7EB6;SAMPLETEXT C Default Annotations;_GeoEntity_Settlement;#31D800;CATMA_EAF4729C-D56C-4BF6-AABB-C8C84333E780
D_ABBA6377-FCBE-4C15-933A-1669E9923677;SAMPLETEXT C;10033;Sur ;Acapulco en la mar del ***Sur ***hasta la Bahía de Panuco;4846;4850;C_5C91AE20-71AC-4B51-8948-B1911D2C7EB6;SAMPLETEXT C Default Annotations;_GeoEntity_Landmark;#C0BF96;CATMA_4D5CA07B-F8B6-4C9B-9293-943EEA3893AA
D_ABBA6377-FCBE-4C15-933A-1669E9923677;SAMPLETEXT C;10033;La Trinidad, ó rio de Jesús;"San Miguel de Boquerón, 
***La Trinidad, ó rio de Jesús***, 
Montijo, 
Ciudad de";8850;8877;C_5C91AE20-71AC-4B51-8948-B1911D2C7EB6;SAMPLETEXT C Default Annotations;_GeoEntity_Settlement;#31D800;CATMA_086E1226-7282-4014-9586-C817ED5F4510
D_ABBA6377-FCBE-4C15-933A-1669E9923677;SAMPLETEXT C;10033;Sur;Costa de la mar del ***Sur***, se va ensanchando cada;5232;5235;C_5C91AE20-71AC-4B51-8948-B1911D2C7EB6;SAMPLETEXT C Default Annotations;_GeoEntity_Landmark;#C0BF96;CATMA_49EA0DE4-CDD8-4B01-B96E-2C9A7BF3D1B9
D_ABBA6377-FCBE-4C15-933A-1669E9923677;SAMPLETEXT C;10033;Gurintar ;"de Juanantar, el de ***Gurintar ***y otros. 

§§";424;433;C_5C91AE20-71AC-4B51-8948-B1911D2C7EB6;SAMPLETEXT C Default Annotations;_GeoEntity_Landmark;#C0BF96;CATMA_1B7A4898-9310-413D-8D5F-77622599E752
D_ABBA6377-FCBE-4C15-933A-1669E9923677;SAMPLETEXT C;10033;Sonora ;la Provincia y Gobierno de ***Sonora ***en el mismo Reyno que;3196;3203;C_5C91AE20-71AC-4B51-8948-B1911D2C7EB6;SAMPLETEXT C Default Annotations;_GeoEntity_Territory;#2FA700;CATMA_877A0121-9CDD-4A3C-AE2E-0C2B5DDA0B10
D_ABBA6377-FCBE-4C15-933A-1669E9923677;SAMPLETEXT C;10033;La Ciudad de los Remedios;"Marcelo de la Mesa, 
***La Ciudad de los Remedios***, 
##San Miguel";8679;8704;C_5C91AE20-71AC-4B51-8948-B1911D2C7EB6;SAMPLETEXT C Default Annotations;_GeoEntity_Settlement;#31D800;CATMA_C8393F55-8AD2-430D-86B8-03C29DF253AF
D_ABBA6377-FCBE-4C15-933A-1669E9923677;SAMPLETEXT C;10033;Tanassee;"situada a orilla del rio ***Tanassee***. 

§§§id";2350;2358;C_5C91AE20-71AC-4B51-8948-B1911D2C7EB6;SAMPLETEXT C Default Annotations;_GeoEntity_Landmark;#C0BF96;CATMA_9EB763C3-9328-4F41-9CB8-780D2B596588
D_ABBA6377-FCBE-4C15-933A-1669E9923677;SAMPLETEXT C;10033;Christóval Colon;descubierta por el Almirante Don ***Christóval Colon*** en su quarto viage,;9202;9218;C_5C91AE20-71AC-4B51-8948-B1911D2C7EB6;SAMPLETEXT C Default Annotations;_NonGeoEntity_Person;#00EFFD;CATMA_A0D75F02-1524-4FC2-981C-C7B35AE1C3D5
D_ABBA6377-FCBE-4C15-933A-1669E9923677;SAMPLETEXT C;10033;San Francisco de la Montaña;"Miguel de la Atalaya, 
***San Francisco de la Montaña***, 
San Marcelo de la";8622;8649;C_5C91AE20-71AC-4B51-8948-B1911D2C7EB6;SAMPLETEXT C Default Annotations;_GeoEntity_Settlement;#31D800;CATMA_14D6BD00-B804-4F5E-83B3-F219269D0F06
D_ABBA6377-FCBE-4C15-933A-1669E9923677;SAMPLETEXT C;10033;Pastos ;la Provincia y Corregimiento de ***Pastos ***en la jurisdicción y distrito;2593;2600;C_5C91AE20-71AC-4B51-8948-B1911D2C7EB6;SAMPLETEXT C Default Annotations;_GeoEntity_Territory;#2FA700;CATMA_212EEE78-998E-46B9-8668-4E6DCD63DE0F
D_ABBA6377-FCBE-4C15-933A-1669E9923677;SAMPLETEXT C;10033;Popayán;"baxa a la Provincia de ***Popayán***. 

§§§id";2706;2713;C_5C91AE20-71AC-4B51-8948-B1911D2C7EB6;SAMPLETEXT C Default Annotations;_GeoEntity_Territory;#2FA700;CATMA_826223CC-CB58-4BA3-85EA-346B6B0DAC4F
D_ABBA6377-FCBE-4C15-933A-1669E9923677;SAMPLETEXT C;10033;Popayán;: está 35 leguas de ***Popayán***, 30 al S E;7589;7596;C_5C91AE20-71AC-4B51-8948-B1911D2C7EB6;SAMPLETEXT C Default Annotations;_GeoEntity_Settlement;#31D800;CATMA_36B54F4A-53A4-4492-95E6-FE79B36D30F8
D_ABBA6377-FCBE-4C15-933A-1669E9923677;SAMPLETEXT C;10033;Guatemala;y SE con la de ***Guatemala***, de quien la divide;9539;9548;C_5C91AE20-71AC-4B51-8948-B1911D2C7EB6;SAMPLETEXT C Default Annotations;_GeoEntity_Territory;#2FA700;CATMA_28512417-74AB-4FB2-81CB-AF72CB42B4B3
D_ABBA6377-FCBE-4C15-933A-1669E9923677;SAMPLETEXT C;10033;Guatemala;"Sonsonate en el Reyno de ***Guatemala***. 

§§§id";4654;4663;C_5C91AE20-71AC-4B51-8948-B1911D2C7EB6;SAMPLETEXT C Default Annotations;_GeoEntity_Territory;#2FA700;CATMA_3DEE378F-F71B-4D5A-A750-CABD229B0AC2
D_ABBA6377-FCBE-4C15-933A-1669E9923677;SAMPLETEXT C;10033;Guatemala;Alcaldía mayor del Reyno de ***Guatemala***, confina por ##;9463;9472;C_5C91AE20-71AC-4B51-8948-B1911D2C7EB6;SAMPLETEXT C Default Annotations;_GeoEntity_Territory;#2FA700;CATMA_1300C488-248A-4D09-9AEF-6954B4A713A0
D_ABBA6377-FCBE-4C15-933A-1669E9923677;SAMPLETEXT C;10033;Sebastián de Benalcazar;de Granada, fundada por ***Sebastián de Benalcazar*** el año de 1539 a;6534;6557;C_5C91AE20-71AC-4B51-8948-B1911D2C7EB6;SAMPLETEXT C Default Annotations;_NonGeoEntity_Person;#00EFFD;CATMA_DBDC3671-98BD-4339-814F-EBF075F0CED7
D_ABBA6377-FCBE-4C15-933A-1669E9923677;SAMPLETEXT C;10033;Monte de Plata;de la misma Isla llamado ***Monte de Plata***, situado en el centro;7877;7891;C_5C91AE20-71AC-4B51-8948-B1911D2C7EB6;SAMPLETEXT C Default Annotations;_GeoEntity_Settlement;#31D800;CATMA_67EDEA23-F21B-4E30-8832-28B4887B6E60
D_ABBA6377-FCBE-4C15-933A-1669E9923677;SAMPLETEXT C;10033;Santo Domingo;Plata en la Isla de ***Santo Domingo***, situado en la Costa;7733;7746;C_5C91AE20-71AC-4B51-8948-B1911D2C7EB6;SAMPLETEXT C Default Annotations;_GeoEntity_Territory;#2FA700;CATMA_B46398CD-EE6C-47B0-8B20-4D40CE0A115A
D_ABBA6377-FCBE-4C15-933A-1669E9923677;SAMPLETEXT C;10033;Panuco ;Sur hasta la Bahía de ***Panuco ***en la del N sobre;4868;4875;C_5C91AE20-71AC-4B51-8948-B1911D2C7EB6;SAMPLETEXT C Default Annotations;_GeoEntity_Landmark;#C0BF96;CATMA_BE6530FC-0646-43AE-8866-FA6BF2493C5E
D_ABBA6377-FCBE-4C15-933A-1669E9923677;SAMPLETEXT C;10033;San Lorenzo;"Alanje, 
San Félix, 
***San Lorenzo***, 
San Pablo, 
San";8769;8780;C_5C91AE20-71AC-4B51-8948-B1911D2C7EB6;SAMPLETEXT C Default Annotations;_GeoEntity_Settlement;#31D800;CATMA_74060684-9DD3-4962-8092-D17DEA683E64
D_ABBA6377-FCBE-4C15-933A-1669E9923677;SAMPLETEXT C;10033;San Bartolomé Naucalpáa;".
##Ascapotzalco.
***San Bartolomé Naucalpáa***.
###S";6005;6028;C_5C91AE20-71AC-4B51-8948-B1911D2C7EB6;SAMPLETEXT C Default Annotations;_GeoEntity_Settlement;#31D800;CATMA_E9C7DE6E-ACB3-4C12-9F15-7E58355B0EB7
